ra,dec,u,g,r,i,z,run,camcol,field,specobjid,class,redshift,plate,mjd,fiberid
183.5313257,0.08969303,19.47406,17.0424,15.94699,15.503420000000002,15.22531,752.0,4,267,3.72e+18,STAR,-8.96e-06,3306,54922,491
183.59837050000002,0.135285032,18.6628,17.214489999999998,16.676370000000002,16.544191309523825,16.3915,752.0,4,267,3.64e+17,STAR,-5.489999999999999e-05,323,51615,541
183.6802074,0.126185092,19.38298,18.191689999999998,17.47428,17.087320000000002,16.80125,752.0,4,268,3.23e+17,GALAXY,0.1231112,287,52023,513
183.8705294,0.049910685,17.76536,16.60272,16.16116,15.98233,15.904379999999998,752.0,4,269,3.72e+18,STAR,-0.000110616,3306,54922,510
183.8832883,0.10255675199999999,17.55025,16.26342,16.43869,16.544191309523825,16.61326,752.0,4,269,3.72e+18,STAR,0.000590357,3306,54922,512
183.8471736,0.17369416399999998,19.43133,18.46779,18.16451,18.01475,18.04155,752.0,4,269,3.65e+17,STAR,0.000314603,324,51666,594
183.864379,0.019200711000000002,19.38322,17.88995,17.10537,16.66393,16.36955,752.0,4,269,3.23e+17,GALAXY,0.1002423,287,52023,559
183.9000814,0.18747329699999998,18.97993,17.84496,17.38022,17.20673,17.070710000000002,752.0,4,269,3.72e+18,STAR,0.000314848,3306,54922,515
183.9245885,0.09724578199999999,17.90616,16.97172,16.67541,16.544191309523825,16.47596,752.0,4,270,3.64e+17,STAR,8.909999999999998e-05,323,51615,595
183.9734977,0.081625582,18.67249,17.71375,17.49362,17.28284,17.22644,752.0,4,270,3.24e+17,GALAXY,0.04050813,288,52000,400
183.9791945,0.135997822,19.29772,17.80227,17.182660000000002,16.92335,16.79928,752.0,4,270,3.72e+18,STAR,-3.46e-05,3306,54922,506
184.0853311,0.11211002199999999,18.833070000000003,17.51785,16.942729999999997,16.71418,16.60521,752.0,4,271,3.72e+18,STAR,0.000622774,3306,54922,547
184.10209790000002,0.191510916,19.5625,18.191129999999998,17.65759,17.47573,17.39203,752.0,4,271,3.72e+18,STAR,5.47e-05,3306,54922,544
184.1605102,0.07564531299999999,19.5799,17.72815,16.9874,16.68076,16.504260000000002,752.0,4,271,3.72e+18,STAR,8.3e-06,3306,54922,546
184.1895738,0.099482468,19.25667,17.54869,16.63578,16.14922,15.76639,752.0,4,271,3.24e+17,GALAXY,0.07208736,288,52000,389
184.3506466,0.207229523,18.73832,18.60962,18.39696,18.31174,17.97663,752.0,4,272,3.23e+17,QSO,0.27193690000000004,287,52023,587
184.2217972,0.046955181,19.05958,18.09512,17.92766,16.544191309523825,17.90772,752.0,4,272,3.65e+17,STAR,0.000209974,324,51666,35
184.24566430000002,0.198257077,19.221429999999998,19.30248,19.13823,19.11351,19.23454,752.0,4,272,3.23e+17,QSO,1.1780979999999999,287,52023,583
184.3888696,0.068287428,19.04397,17.51106,16.87335,16.61114,16.48303,752.0,4,273,3.64e+17,STAR,0.000240098,323,51615,628
184.3809191,0.17432277,17.81661,16.86976,16.53884,16.19576,16.086679999999998,752.0,4,273,3.23e+17,GALAXY,0.07277206,287,52023,632
184.4668531,0.11196532099999999,19.3932,18.48274,18.16551,18.05122,18.04328,752.0,4,273,3.65e+17,STAR,-0.00027021799999999997,324,51666,623
184.5694109,0.137091485,17.51339,16.41793,16.06695,15.937510000000001,15.894779999999999,752.0,4,274,3.24e+17,STAR,-3.5499999999999996e-05,288,52000,430
184.65417030000003,0.12267344599999999,19.07731,18.64518,18.496779999999998,18.526770000000003,18.45765,752.0,4,274,3.24e+17,QSO,0.9251733,288,52000,421
184.6587955,0.159935507,18.63032,17.234370000000002,16.72749,16.51772,16.44039,752.0,4,274,2.88e+18,STAR,4.31e-06,2558,54140,356
184.5168342,0.145549586,19.216839999999998,18.29956,18.19589,18.147579999999998,18.266579999999998,752.0,4,274,3.72e+18,STAR,8.8e-05,3306,54922,595
184.61856310000002,0.080576269,19.4127,17.47109,16.4987,16.06502,15.668479999999999,752.0,4,274,3.24e+17,GALAXY,0.1167829,288,52000,437
184.6274079,0.013234086,18.485429999999997,17.339000000000002,16.90179,16.66712,16.48684,752.0,4,274,3.23e+17,GALAXY,0.02129653,287,52023,637
184.6767619,0.059441869,17.72835,16.19783,15.66073,15.51586,15.43615,752.0,4,275,2.88e+18,STAR,0.000175365,2558,54140,358
184.7119696,0.066571901,17.70824,16.610689999999998,16.19772,16.544191309523825,16.00229,752.0,4,275,3.72e+18,STAR,0.00017238,3306,54922,632
184.7702039,0.19801005,18.18974,17.237379999999998,16.89113,16.757270000000002,16.710520000000002,752.0,4,275,2.88e+18,STAR,0.0005198080000000001,2558,54140,349
184.7826977,0.140979369,19.0764,17.78953,16.98818,16.60519,16.278589999999998,752.0,4,275,3.24e+17,GALAXY,0.11694460000000001,288,52000,474
184.7651553,0.080985794,19.18013,18.07133,17.71771,17.48797,17.55667,752.0,4,275,3.24e+17,GALAXY,0.06807999,288,52000,471
184.8635981,0.14346936300000002,18.388479999999998,17.00188,16.37884,16.16978,16.0124,752.0,4,276,2.88e+18,STAR,0.000135947,2558,54140,341
184.86419030000002,0.143441662,17.934070000000002,16.64581,16.22206,16.07029,16.06046,752.0,4,276,2.89e+18,STAR,0.000158087,2568,54153,383
184.8755286,0.033060812,19.03059,18.10673,17.82561,17.71227,17.6878,752.0,4,276,2.88e+18,STAR,-0.00016737799999999998,2558,54140,355
184.8763144,0.18515137199999998,18.12978,17.174210000000002,16.751079999999998,16.544191309523825,16.48527,752.0,4,276,2.88e+18,STAR,0.000692428,2558,54140,387
184.9569855,0.156360267,18.15079,16.77761,16.2215,16.02345,15.919570000000002,752.0,4,276,2.88e+18,STAR,0.000304361,2558,54140,386
184.8321997,0.044306547,19.52092,17.585620000000002,16.4269,15.944729999999998,15.56269,752.0,4,276,3.24e+17,GALAXY,0.1506381,288,52000,479
184.97221530000002,0.09775424099999999,18.905920000000002,17.466079999999998,16.85369,16.58687,16.418779999999998,752.0,4,277,2.88e+18,STAR,0.00057828,2558,54140,395
184.99427509999998,0.109160933,17.7019,16.76073,16.487460000000002,16.381729999999997,16.33654,752.0,4,277,2.88e+18,STAR,0.0007047360000000001,2558,54140,400
185.00125549999998,0.069723829,18.85351,17.97745,17.6112,17.456789999999998,17.40576,752.0,4,277,4.33e+18,STAR,-0.000676195,3846,55327,160
185.0650695,0.14244289400000001,18.75478,17.58247,17.080460000000002,16.87063,16.75911,752.0,4,277,2.88e+18,STAR,-0.000503256,2558,54140,390
185.0859131,0.099953851,18.33616,17.30684,16.929029999999997,16.78272,16.73807,752.0,4,277,2.88e+18,STAR,7.609999999999999e-05,2558,54140,397
185.02738540000001,0.095346099,19.1713,18.01316,17.42493,16.544191309523825,16.822370000000003,752.0,4,277,3.24e+17,GALAXY,0.1183854,288,52000,496
185.03638830000003,0.17667755,19.120829999999998,17.921889999999998,17.18494,16.7895,16.522579999999998,752.0,4,277,3.24e+17,GALAXY,0.1575296,288,52000,514
185.1643757,0.074358069,17.55001,17.42367,17.35734,17.19343,16.97589,752.0,4,278,3.24e+17,QSO,2.044347,288,52000,516
185.2170514,0.15519381599999998,18.897070000000003,18.045189999999998,17.7501,17.6378,17.6124,752.0,4,278,2.88e+18,STAR,0.000250291,2558,54140,431
185.13672880000001,0.071514063,19.48347,17.515220000000003,16.31651,15.83499,15.4368,752.0,4,278,3.24e+17,GALAXY,0.15851629999999997,288,52000,502
185.23060769999998,0.010099581,19.31764,18.38629,18.12009,17.9998,17.93916,752.0,4,278,2.89e+18,STAR,0.000576704,2568,54153,270
185.3772509,0.200803727,17.964000000000002,16.396320000000003,15.74191,15.4828,15.32453,752.0,4,279,2.88e+18,STAR,0.000349798,2558,54140,422
159.62496480000001,-0.62071445,19.19383,18.202779999999997,17.90109,17.77634,17.74759,756.0,2,293,4.25e+18,STAR,-0.000256492,3771,55544,664
159.7978416,-0.5571964660000001,19.19752,18.07471,17.76889,17.6148,17.49577,756.0,2,294,3.09e+17,GALAXY,0.02335118,274,51913,229
159.8033022,-0.535038616,19.266270000000002,18.16093,17.59907,17.2172,17.06311,756.0,2,294,3.09e+17,GALAXY,0.1236402,274,51913,221
159.84752350000002,-0.5342664,19.38251,17.92302,17.11018,16.664920000000002,16.345579999999998,756.0,2,294,3.09e+17,GALAXY,0.11416760000000002,274,51913,186
159.9393455,-0.6091843229999999,19.48702,18.51823,18.18637,18.06704,18.05865,756.0,2,295,4.32e+18,STAR,0.000790241,3833,55290,98
160.0342636,-0.421625751,19.2634,17.67693,16.82551,16.423070000000003,16.13864,756.0,2,295,3.09e+17,GALAXY,0.13304860000000002,274,51913,198
160.0351619,-0.599992669,19.31866,18.274070000000002,17.748839999999998,17.416179999999997,17.24165,756.0,2,295,3.09e+17,GALAXY,0.07470067,274,51913,184
160.1442091,-0.489329778,18.73682,17.65075,17.23958,17.07875,17.03255,756.0,2,296,3.09e+17,STAR,0.000106767,274,51913,164
160.119405,-0.61813005,19.29416,17.971339999999998,17.26079,16.860129999999998,16.56031,756.0,2,296,3.09e+17,GALAXY,0.08692535,274,51913,163
160.2275468,-0.433199867,19.48611,17.93822,17.21548,16.828529999999997,16.53911,756.0,2,297,3.1e+17,GALAXY,0.1335348,275,51910,301
160.2486687,-0.5799923610000001,19.31804,17.30973,16.17525,15.69015,15.312610000000001,756.0,2,297,3.1e+17,GALAXY,0.1370104,275,51910,291
160.3831151,-0.459235231,19.29157,17.3125,16.178620000000002,15.708979999999999,15.31378,756.0,2,298,3.1e+17,GALAXY,0.13737220000000003,275,51910,314
160.3848058,-0.586704796,19.52565,19.29625,18.95885,18.521079999999998,18.57694,756.0,2,298,3.1e+17,QSO,0.13464279999999998,275,51910,281
160.4339517,-0.608481498,19.38467,18.59734,18.12431,16.544191309523825,17.63823,756.0,2,298,3.1e+17,GALAXY,0.1321922,275,51910,300
160.44364240000002,-0.6005497120000001,18.271729999999998,17.0717,16.65145,16.39055,16.27766,756.0,2,298,3.09e+17,GALAXY,0.03641907,274,51913,144
160.4534919,-0.6170384170000001,19.10892,17.76311,16.917939999999998,16.47233,16.19134,756.0,2,298,3.09e+17,GALAXY,0.13835060000000002,274,51913,154
160.6582067,-0.439603952,17.78707,16.12342,15.489339999999999,15.2674,15.140270000000001,756.0,2,299,2.88e+18,STAR,0.000149526,2559,54208,311
160.6754542,-0.559791088,17.54073,15.837060000000001,15.15225,14.914979999999998,14.82364,756.0,2,300,2.88e+18,STAR,0.000236645,2559,54208,320
160.7170039,-0.609533502,18.44119,17.54684,17.27727,17.1878,17.20361,756.0,2,300,2.88e+18,STAR,-0.00011420299999999999,2559,54208,285
160.7303546,-0.521740212,19.13281,17.80045,17.2643,17.07242,16.98861,756.0,2,300,2.88e+18,STAR,0.000186468,2559,54208,314
160.81210769999998,-0.520466085,19.42387,18.24594,18.319329999999997,18.40867,18.526139999999998,756.0,2,300,2.89e+18,STAR,0.000830783,2569,54234,313
160.81663740000002,-0.557673714,17.95812,16.9013,16.52805,16.39926,16.37399,756.0,2,300,2.69e+18,STAR,-7.659999999999999e-05,2389,54213,312
160.8202892,-0.52224098,16.344,14.854870000000002,14.29812,14.12055,14.08315,756.0,2,300,2.88e+18,STAR,-4.79e-05,2559,54208,313
160.7014882,-0.445422709,19.34314,18.12056,17.55584,17.19446,16.9961,756.0,2,300,3.1e+17,GALAXY,0.08592108,275,51910,261
160.8486802,-0.627079872,17.73398,16.84657,16.57527,16.48237,16.4738,756.0,2,301,2.88e+18,STAR,0.000700168,2559,54208,300
160.93823999999998,-0.42324661799999996,17.37104,15.784870000000002,14.989820000000002,14.586739999999999,14.25872,756.0,2,301,3.1e+17,GALAXY,0.03910941,275,51910,263
160.936366,-0.42133441299999996,19.51073,18.058510000000002,17.59638,17.33996,17.29404,756.0,2,301,3.09e+17,GALAXY,0.03917867,274,51913,65
160.8619387,-0.42273498600000003,19.44424,18.23033,17.64066,17.2346,17.04825,756.0,2,301,3.1e+17,GALAXY,0.1273446,275,51910,267
160.87883200000002,-0.584109529,19.11186,17.90859,17.40774,16.544191309523825,17.05761,756.0,2,301,3.09e+17,GALAXY,0.0190457,274,51913,70
160.99134530000003,-0.507477148,18.6673,16.70426,15.81967,15.403129999999999,15.06115,756.0,2,302,3.1e+17,GALAXY,0.05955937,275,51910,265
160.9953137,-0.478531394,19.045170000000002,17.876620000000003,17.49664,17.372870000000002,17.33316,756.0,2,302,3.1e+17,STAR,6.1e-05,275,51910,268
160.9977374,-0.468998759,17.944589999999998,16.51015,15.8354,15.40969,15.102520000000002,756.0,2,302,3.09e+17,GALAXY,0.06012432,274,51913,69
161.0084679,-0.57896477,17.3725,16.25937,15.887270000000001,15.75644,15.71021,756.0,2,302,2.88e+18,STAR,-0.000187248,2559,54208,301
161.0623439,-0.494714915,16.453789999999998,15.029620000000001,14.56318,14.40143,14.359000000000002,756.0,2,302,2.88e+18,STAR,-4.96e-05,2559,54208,265
161.09002990000002,-0.612438382,19.269270000000002,18.24939,17.96535,17.83665,17.80351,756.0,2,302,2.89e+18,STAR,0.000899142,2569,54234,262
161.094801,-0.452049786,17.8271,16.23793,15.67866,15.494270000000002,15.41664,756.0,2,302,2.88e+18,STAR,-7.840000000000001e-05,2559,54208,267
161.115243,-0.575633407,17.88776,16.52607,16.03367,15.850570000000001,15.805179999999998,756.0,2,302,2.69e+18,STAR,0.000107983,2389,54213,268
160.9911005,-0.561372535,19.58396,17.64963,16.730629999999998,16.29203,15.947020000000002,756.0,2,302,3.1e+17,GALAXY,0.06164807,275,51910,251
160.9981591,-0.588311672,18.1781,16.135679999999997,15.287529999999999,14.898270000000002,14.564789999999999,756.0,2,302,3.09e+17,GALAXY,0.06063098,274,51913,26
160.99676499999998,-0.5882448920000001,18.38625,16.39808,15.40492,14.880120000000002,14.50048,756.0,2,302,3.1e+17,GALAXY,0.06067357,275,51910,255
161.0643247,-0.484587014,18.77188,17.15955,16.35564,15.94145,15.65799,756.0,2,302,3.09e+17,GALAXY,0.0603932,274,51913,34
161.13352880000002,-0.569857253,16.63374,15.54072,15.187439999999999,15.06259,15.03905,756.0,2,303,2.88e+18,STAR,0.00045009900000000003,2559,54208,261
161.18058440000001,-0.456397413,17.14849,15.83151,15.357529999999999,15.188870000000001,15.12737,756.0,2,303,2.88e+18,STAR,0.000161562,2559,54208,269
161.2107488,-0.43337388600000004,16.23113,15.20485,14.954429999999999,14.8674,14.863010000000001,756.0,2,303,2.88e+18,STAR,-0.00011174299999999999,2559,54208,277
161.2265355,-0.470463619,18.56268,17.14623,16.5559,16.29699,16.157,756.0,2,303,2.88e+18,STAR,0.0006572489999999999,2559,54208,279
161.255471,-0.531927477,17.47383,16.418029999999998,16.07634,15.96205,15.902470000000001,756.0,2,303,2.88e+18,STAR,-0.000287019,2559,54208,228
161.1426397,-0.43457405299999996,19.38031,18.076520000000002,17.34212,16.863410000000002,16.50079,756.0,2,303,3.09e+17,GALAXY,0.08483262,274,51913,28
161.1642017,-0.434453905,19.056160000000002,17.70945,16.99192,16.544191309523825,16.266189999999998,756.0,2,303,3.1e+17,GALAXY,0.08539017,275,51910,276
161.17368169999997,-0.503545461,18.95158,17.47266,16.70008,16.29777,15.990120000000001,756.0,2,303,3.1e+17,GALAXY,0.11612650000000001,275,51910,270
161.0737895,-0.89274034,19.11236,17.92701,17.423470000000002,17.0868,16.83476,756.0,1,302,3.1e+17,GALAXY,0.03869415,275,51910,211
161.02447180000001,-0.962380281,18.867520000000003,17.33773,16.806829999999998,16.55789,16.389960000000002,756.0,1,302,3.1e+17,GALAXY,0.02655639,275,51910,245
161.1941229,-1.023623943,18.95785,18.08318,17.781779999999998,17.65689,17.61821,756.0,1,303,2.88e+18,STAR,0.00088935,2559,54208,256
161.238814,-0.840751357,17.80041,16.46003,15.90095,15.669629999999998,15.537720000000002,756.0,1,303,2.88e+18,STAR,0.00038642300000000005,2559,54208,298
161.2480303,-0.9581667890000001,18.76266,17.25724,16.685129999999997,16.47563,16.38993,756.0,1,303,2.88e+18,STAR,0.00018398,2559,54208,260
161.2734198,-0.9966689009999999,16.82701,15.300220000000001,14.730889999999999,14.5436,14.44859,756.0,1,304,2.88e+18,STAR,3.98e-05,2559,54208,259
161.3031007,-0.9642762859999999,19.01558,17.72445,17.181520000000003,16.97813,16.85652,756.0,1,304,2.69e+18,STAR,0.00036555400000000003,2389,54213,243
161.3075532,-1.046361578,17.72604,17.4621,17.24036,17.21479,17.091739999999998,756.0,1,304,4.26e+18,QSO,0.9693318000000001,3786,55563,594
161.3076233,-0.9225295029999999,18.6769,17.78154,17.52458,17.422320000000003,17.38025,756.0,1,304,2.88e+18,STAR,0.000182587,2559,54208,244
161.3506918,-0.8931193940000001,18.12173,16.849510000000002,16.38322,16.202720000000003,16.10719,756.0,1,304,2.69e+18,STAR,0.00023867,2389,54213,244
161.35851110000002,-1.020013399,18.68765,18.61862,18.59058,18.50573,18.31973,756.0,1,304,3.1e+17,QSO,2.0931509999999998,275,51910,215
161.4256487,-0.991083327,18.82957,17.93844,17.56125,17.39783,17.33559,756.0,1,305,2.88e+18,STAR,0.000356511,2559,54208,252
161.4407033,-0.9745331290000001,17.56939,16.61339,16.2723,16.13031,16.0821,756.0,1,305,2.88e+18,STAR,0.000332482,2559,54208,210
161.4871696,-0.879257492,19.56237,17.59451,16.7141,16.29138,15.95551,756.0,1,305,3.1e+17,GALAXY,0.08621725,275,51910,129
161.5643091,-1.017804433,19.56588,18.63518,18.09855,17.7029,17.48965,756.0,1,305,3.1e+17,GALAXY,0.06744873,275,51910,122
161.5783055,-0.8560356020000001,18.45709,17.05875,16.56312,16.359720000000003,16.285339999999998,756.0,1,306,2.88e+18,STAR,0.000291299,2559,54208,211
161.68037890000002,-0.8758434420000001,18.0872,16.64009,16.176270000000002,15.986260000000001,15.924370000000001,756.0,1,306,2.69e+18,STAR,6.27e-05,2389,54213,212
161.69335269999996,-0.923690302,18.20489,17.12961,16.79656,16.62952,16.57625,756.0,1,306,2.88e+18,STAR,0.000995929,2559,54208,213
161.6351321,-0.855769711,19.39882,18.3913,17.856070000000003,17.46761,17.32818,756.0,1,306,3.1e+17,GALAXY,0.150701,275,51910,138
161.73792450000002,-1.015841899,17.46669,16.360039999999998,15.878070000000001,15.656789999999999,15.56303,756.0,1,307,2.88e+18,STAR,0.000695604,2559,54208,123
161.7416796,-0.9871104540000001,17.66388,18.01819,18.96769,18.32366,16.18336,756.0,1,307,4.26e+18,STAR,5.17e-05,3786,55563,749
161.7416467,-0.8460293659999999,17.70241,17.84848,18.157989999999998,18.389870000000002,18.71965,756.0,1,307,2.71e+18,STAR,5.7799999999999995e-05,2409,54210,230
161.74089130000002,-0.97987371,18.53678,17.96047,17.373,16.544191309523825,17.182470000000002,756.0,1,307,3.1e+17,GALAXY,0.03981317,275,51910,136
161.81125669999997,-1.020950417,19.288439999999998,17.89368,17.29176,17.058970000000002,16.92672,756.0,1,307,2.69e+18,STAR,-0.000138961,2389,54213,129
161.8815501,-0.919919301,17.5803,15.91818,15.3324,15.128879999999999,15.04031,756.0,1,308,2.69e+18,STAR,7.929999999999999e-05,2389,54213,137
161.9354758,-0.950524205,17.58302,16.1223,15.614289999999999,15.4367,15.373429999999999,756.0,1,308,2.88e+18,STAR,9.740000000000001e-05,2559,54208,121
161.8843346,-0.944497872,18.97204,17.9849,17.666179999999997,17.43481,17.323520000000002,756.0,1,308,3.1e+17,GALAXY,0.05151358,275,51910,81
162.047298,-0.840633793,17.07819,15.49603,14.84319,14.54306,14.38931,756.0,1,309,2.88e+18,STAR,0.000543499,2559,54208,132
162.0813465,-0.941748913,19.43337,18.54425,18.21197,18.07626,17.99902,756.0,1,309,4.32e+18,STAR,0.000586336,3834,56014,50
162.09858400000002,-0.914676301,18.30903,17.08338,16.65224,16.48205,16.39475,756.0,1,309,2.88e+18,STAR,0.00011784700000000001,2559,54208,133
162.1200426,-0.96306428,18.2861,18.11478,18.14232,18.02426,18.03402,756.0,1,309,3.1e+17,QSO,1.7416779999999998,275,51910,51
162.1613267,-1.0417059659999999,16.67229,15.52946,15.16349,15.04075,15.002770000000002,756.0,1,309,2.88e+18,STAR,5.17e-05,2559,54208,84
162.17763100000002,-1.007117476,18.04392,16.98619,16.67233,16.54937,16.49476,756.0,1,310,2.69e+18,STAR,0.000264481,2389,54213,86
162.19974,-1.01466107,18.85257,17.86745,17.55789,17.43459,17.383570000000002,756.0,1,310,2.69e+18,STAR,-5.870000000000001e-07,2389,54213,88
162.2248113,-0.987748767,16.86535,15.811679999999999,15.47238,15.32898,15.273670000000001,756.0,1,310,2.88e+18,STAR,0.000274919,2559,54208,88
162.2465655,-0.918542011,17.71105,16.34725,15.830029999999999,15.602089999999999,15.47698,756.0,1,310,2.69e+18,STAR,-0.00045622,2389,54213,90
162.30563899999999,-1.003780829,19.18404,19.1997,19.1041,18.78402,18.68743,756.0,1,310,3.1e+17,QSO,2.006571,275,51910,8
162.2042136,-0.9873624870000001,17.80165,16.61996,16.1181,15.85237,15.641570000000002,756.0,1,310,3.1e+17,GALAXY,0.02614697,275,51910,41
162.289475,-0.908548805,18.66761,16.83642,15.953520000000001,15.514729999999998,15.16474,756.0,1,310,3.11e+17,GALAXY,0.03804233,276,51909,287
162.3337182,-1.001236825,18.45831,17.09308,16.551460000000002,16.36101,16.27274,756.0,1,311,2.88e+18,STAR,0.00038865,2559,54208,90
162.3451997,-0.846905435,19.45426,17.49314,16.74405,16.50129,16.340020000000003,756.0,1,311,2.69e+18,STAR,0.000164115,2389,54213,93
162.41005249999998,-0.974669972,17.57672,16.30313,15.82177,15.6353,15.5685,756.0,1,311,2.88e+18,STAR,0.000326733,2559,54208,87
162.4063775,-0.907118295,18.41814,17.17549,16.63656,16.31784,16.1021,756.0,1,311,3.11e+17,GALAXY,0.03836371,276,51909,282
162.49242869999998,-1.0375116690000001,19.16261,17.45277,16.81324,16.561239999999998,16.44654,756.0,1,312,2.69e+18,STAR,7.82e-05,2389,54213,53
162.588828,-0.87201293,17.37496,16.065520000000003,15.63478,15.48339,15.423210000000001,756.0,1,312,2.69e+18,STAR,5.2600000000000005e-05,2389,54213,58
162.5862969,-0.873837222,18.81535,16.69037,15.708829999999999,15.31833,14.85697,756.0,1,312,3.11e+17,GALAXY,0.1074627,276,51909,300
162.5985101,-0.990873937,18.02848,16.65369,16.06824,15.827210000000001,15.70943,756.0,1,312,2.69e+18,STAR,-3.76e-05,2389,54213,43
162.61102380000003,-0.890844709,17.33813,15.96866,15.496720000000002,15.332820000000002,15.27834,756.0,1,312,2.69e+18,STAR,-4.71e-05,2389,54213,55
162.5471497,-1.002056509,19.48367,18.1998,17.555220000000002,17.15322,16.937520000000003,756.0,1,312,3.1e+17,GALAXY,0.1045614,275,51910,7
162.6673956,-0.900916547,16.52364,15.40187,15.08259,14.97577,14.950879999999998,756.0,1,313,2.88e+18,STAR,0.000263051,2559,54208,58
218.7291721,0.45811204899999997,16.97457,15.7859,15.32505,15.160910000000001,15.088770000000002,752.0,5,502,3.46e+17,STAR,-5.7e-06,307,51663,391
218.8321711,0.47572999,16.75927,15.620120000000002,15.040999999999999,14.71669,14.44965,752.0,5,503,3.45e+17,GALAXY,0.02956719,306,51637,599
219.083277,0.576226173,18.70255,17.71797,17.34371,17.17482,17.1185,752.0,5,504,3.45e+17,STAR,2.47e-05,306,51637,625
219.1969133,0.627944731,19.54733,18.17471,17.46927,17.09822,16.84518,752.0,5,505,3.46e+17,GALAXY,0.1097059,307,51663,426
219.13765719999998,0.43289903700000004,19.20287,16.59277,15.706579999999999,15.251029999999998,14.89744,752.0,5,505,3.46e+17,GALAXY,0.07221484,307,51663,425
219.25040090000002,0.5647541110000001,19.07784,18.06951,17.70663,17.49811,17.31405,752.0,5,506,6.04e+17,GALAXY,0.03472417,536,52024,209
219.56176630000002,0.547663882,19.06822,17.80601,17.33803,17.16516,17.09147,752.0,5,508,3.46e+17,STAR,-2.6600000000000003e-05,307,51663,461
219.58197119999997,0.47185273899999997,18.563129999999997,18.534110000000002,18.38498,18.37235,18.3623,752.0,5,508,3.46e+17,QSO,1.257948,307,51663,467
219.58224700000002,0.595887057,17.89559,16.71264,16.2921,16.1399,16.07841,752.0,5,508,3.46e+17,STAR,7.049999999999999e-05,307,51663,462
219.5886352,0.510878933,19.14528,18.19967,17.89295,17.78337,17.73488,752.0,5,508,4.53e+18,STAR,-0.000276482,4025,55350,920
219.66116639999998,0.5692983229999999,19.47595,18.6116,18.52926,18.76056,18.28581,752.0,5,508,3.46e+17,STAR,-0.000385041,307,51663,468
219.6651858,0.441050803,19.29275,19.02275,18.92752,18.85194,18.76428,752.0,5,508,3.46e+17,QSO,1.971239,307,51663,464
219.7797727,0.508632556,17.274379999999997,16.148789999999998,15.720189999999999,15.48375,15.350729999999999,752.0,5,509,3.46e+17,GALAXY,0.03325611,307,51663,487
219.93872459999997,0.531203465,18.9146,17.67455,16.96098,16.574820000000003,16.290570000000002,752.0,5,510,3.46e+17,GALAXY,0.11651500000000001,307,51663,508
220.12241119999996,0.5840894320000001,16.93221,15.56652,14.920860000000001,14.58185,14.3252,752.0,5,511,3.46e+17,GALAXY,0.03717615,307,51663,541
220.1776293,0.606597158,18.73475,17.79811,17.46425,17.345660000000002,17.29465,752.0,5,512,4.53e+18,STAR,0.000255278,4022,55352,554
220.1815105,0.46474360299999995,19.5796,17.68983,16.74287,16.33313,16.0111,752.0,5,512,3.46e+17,GALAXY,0.1092154,307,51663,582
220.24756910000002,0.561580939,19.33625,17.34765,16.35417,15.91167,15.58279,752.0,5,512,3.46e+17,GALAXY,0.1087394,307,51663,590
220.59926910000001,0.61894204,18.371589999999998,16.28451,15.445920000000001,15.16673,15.012270000000001,752.0,5,515,3.47e+17,STAR,-7.049999999999999e-05,308,51662,330
220.6831889,0.5983847179999999,19.28787,17.52747,16.759079999999997,16.419610000000002,16.23461,752.0,5,515,3.3e+18,STAR,-4.11e-06,2934,54626,351
220.6841228,0.454116001,18.44022,18.02603,17.97474,18.0135,18.121170000000003,752.0,5,515,3.3e+18,STAR,-5.16e-05,2934,54626,342
220.7117312,0.461338753,19.26163,17.71671,17.12826,16.895129999999998,16.79474,752.0,5,515,3.28e+18,STAR,-0.000233312,2909,54653,343
220.72433059999997,0.502230386,18.72794,17.20167,16.65129,16.436970000000002,16.32,752.0,5,515,3.28e+18,STAR,-0.000133688,2909,54653,342
220.7765893,0.561814348,19.24336,17.86197,17.30386,17.06635,16.94732,752.0,5,516,3.3e+18,STAR,-0.000180286,2934,54626,353
220.80541430000002,0.589285246,19.57003,17.3458,16.40484,16.056929999999998,15.8713,752.0,5,516,3.3e+18,STAR,-0.00015097,2934,54626,344
220.81020389999998,0.6321244220000001,19.49442,17.999579999999998,17.41921,17.21484,17.10793,752.0,5,516,3.28e+18,STAR,-0.00013486799999999998,2909,54653,333
220.91952569999998,0.513809061,19.03802,17.42171,16.71644,16.41698,16.237460000000002,752.0,5,517,3.3e+18,STAR,7.8e-05,2934,54626,385
221.01271409999998,0.463478571,18.75202,17.90223,17.58861,17.45896,17.41188,752.0,5,517,3.28e+18,STAR,-0.00052212,2909,54653,388
221.01133760000002,0.538007926,19.43955,18.52889,18.24026,18.134120000000003,18.056729999999998,752.0,5,517,4.53e+18,STAR,-0.000247798,4022,55352,756
221.0417383,0.564546475,18.7746,17.64604,17.228920000000002,17.07624,17.01672,752.0,5,518,3.46e+17,STAR,4.98e-05,307,51663,626
221.0641256,0.587618415,17.987920000000003,16.4793,15.89139,15.689639999999999,15.578970000000002,752.0,5,518,3.28e+18,STAR,-9.23e-05,2909,54653,338
221.1327369,0.43697365200000005,18.21947,16.941760000000002,16.4855,16.348679999999998,16.28067,752.0,5,518,3.3e+18,STAR,9.98e-05,2934,54626,424
221.15285640000002,0.45143812200000005,18.72254,17.38212,16.82234,16.65747,16.55055,752.0,5,518,3.28e+18,STAR,-1e-05,2909,54653,386
221.16328019999997,0.48395845200000004,17.884420000000002,16.96119,16.642870000000002,16.53269,16.48384,752.0,5,518,3.3e+18,STAR,3.19e-05,2934,54626,432
221.2272293,0.451146308,18.605439999999998,17.67091,17.419829999999997,17.32616,17.2992,752.0,5,519,3.28e+18,STAR,-0.0005040859999999999,2909,54653,389
221.25725809999997,0.47642618299999995,17.59142,16.66143,16.42614,16.34742,16.323629999999998,752.0,5,519,3.28e+18,STAR,-0.0007436439999999999,2909,54653,382
221.2637264,0.526978719,17.00244,15.55892,14.93361,14.58515,14.328710000000001,752.0,5,519,3.47e+17,GALAXY,0.02873155,308,51662,465
221.2678582,0.436562846,19.51547,18.58734,18.33786,18.235229999999998,18.24343,752.0,5,519,3.3e+18,STAR,0.00025548599999999997,2934,54626,429
221.27773760000002,0.49473218,19.25605,18.11174,17.348679999999998,16.93481,16.685579999999998,752.0,5,519,3.47e+17,GALAXY,0.10980839999999999,308,51662,469
221.36499320000001,0.45401469200000005,17.52671,16.10266,15.5727,15.35048,15.24569,752.0,5,520,3.28e+18,STAR,0.000836224,2909,54653,425
221.4417135,0.581083659,18.04508,16.81564,16.39389,16.24002,16.18995,752.0,5,520,3.28e+18,STAR,0.000249663,2909,54653,376
221.4984006,0.597512281,17.43719,16.50009,16.13932,16.01473,15.95873,752.0,5,521,3.28e+18,STAR,0.000166582,2909,54653,414
221.53385319999995,0.623223399,16.26559,15.31763,15.035260000000001,14.923720000000001,14.86764,752.0,5,521,3.28e+18,STAR,0.000397916,2909,54653,416
221.56254049999998,0.580158773,17.14242,15.63551,15.02396,14.789979999999998,14.650139999999999,752.0,5,521,3.28e+18,STAR,-0.000196452,2909,54653,415
221.59577439999998,0.528211211,18.18575,16.917289999999998,16.98115,17.01807,17.02806,752.0,5,521,3.28e+18,STAR,-0.000381969,2909,54653,427
221.5958569,0.480183884,19.23104,18.20884,17.89136,17.78259,17.757360000000002,752.0,5,521,3.3e+18,STAR,0.000249086,2934,54626,469
221.5173497,0.5016905429999999,19.33756,17.0609,16.05876,15.676620000000002,15.44594,752.0,5,521,3.3e+18,STAR,2.57e-05,2934,54626,470
221.68580260000002,0.541573251,18.76614,17.47334,16.932879999999997,16.72206,16.60205,752.0,5,522,3.3e+18,STAR,-9.470000000000001e-05,2934,54626,488
221.69306630000003,0.430141182,18.2921,17.171860000000002,17.38653,17.5653,17.6834,752.0,5,522,3.28e+18,STAR,-0.000177157,2909,54653,469
221.70613140000003,0.5286858329999999,19.37555,18.27386,17.7944,17.603289999999998,17.504170000000002,752.0,5,522,3.28e+18,STAR,-0.00021165799999999999,2909,54653,462
121.8207518,0.93199037,19.37035,17.34262,16.35286,15.924000000000001,15.58903,308.0,5,104,5.34e+18,GALAXY,0.1019929,4745,55892,975
122.08789990000001,0.843146891,19.05249,17.037770000000002,16.07633,15.631479999999998,15.31245,308.0,5,105,5.34e+18,GALAXY,0.10153279999999999,4745,55892,18
122.8639945,0.8961508220000001,18.206310000000002,16.89692,16.46658,16.315739999999998,16.28902,308.0,5,110,2.32e+18,STAR,0.00048813,2057,53816,354
122.9819452,0.96385693,17.63113,16.559260000000002,16.24861,16.14775,16.13221,308.0,5,111,2.34e+18,STAR,0.000132041,2077,53846,328
122.988638,0.973742938,15.99172,14.98865,14.700029999999998,14.649189999999999,14.506260000000001,308.0,5,111,2.32e+18,STAR,9.27e-05,2057,53816,352
122.93563540000001,0.899085529,19.37706,18.440929999999998,18.245279999999998,18.194689999999998,18.176679999999998,308.0,5,111,2.34e+18,STAR,0.000452989,2077,53846,321
123.03938570000001,0.9300704470000001,16.738770000000002,15.68268,15.436539999999999,15.385720000000001,15.402079999999998,308.0,5,112,2.32e+18,STAR,0.000128369,2057,53816,341
123.0202645,0.9118745559999999,16.37119,15.28426,15.05225,14.98734,15.0114,308.0,5,112,2.32e+18,STAR,5.720000000000001e-05,2057,53816,357
123.01653540000001,0.8481453590000001,19.524810000000002,18.21796,17.68045,17.46177,17.37293,308.0,5,112,2.32e+18,STAR,1.7199999999999998e-05,2057,53816,355
123.20250049999999,0.9051299309999999,18.6522,17.52927,17.53732,17.58253,17.67018,308.0,5,113,2.32e+18,STAR,-0.00024225400000000002,2057,53816,392
123.2678952,0.960993455,16.632929999999998,15.275089999999999,14.61367,14.508410000000001,14.272920000000001,308.0,5,113,2.32e+18,STAR,-5.539999999999999e-05,2057,53816,398
123.3488072,0.922523639,16.14538,15.07947,14.841439999999999,14.772820000000001,14.786810000000001,308.0,5,114,2.32e+18,STAR,0.000239212,2057,53816,381
123.4261304,0.8818838459999999,17.84565,16.82412,16.49827,16.387420000000002,16.35545,308.0,5,114,2.32e+18,STAR,0.000146998,2057,53816,391
123.58796029999999,0.919738666,17.754839999999998,16.59773,16.53687,16.56253,16.611539999999998,308.0,5,115,2.32e+18,STAR,-7.06e-06,2057,53816,388
123.54526770000001,0.9313921140000001,19.3623,18.1918,17.819770000000002,17.69313,17.61249,308.0,5,115,1.29e+18,STAR,0.000235469,1149,53003,532
123.61277709999999,0.948787095,18.97095,17.07911,16.137539999999998,15.65789,15.345479999999998,308.0,5,115,5.39e+18,GALAXY,0.06836422,4788,55889,888
123.6735605,0.861348537,16.48326,15.044939999999999,15.04021,14.295179999999998,14.18345,308.0,5,116,2.32e+18,STAR,0.000224322,2057,53816,438
123.7430415,1.0063986329999999,18.98689,17.097579999999997,16.18773,15.7323,15.461689999999999,308.0,5,116,5.39e+18,GALAXY,0.09046602,4788,55889,892
110.0700392,1.2187346909999999,19.425910000000002,18.424429999999997,18.00135,17.790789999999998,17.70945,308.0,6,25,8.39e+18,STAR,0.000104138,7450,56722,705
110.2464537,1.364871806,18.58476,17.2945,16.422060000000002,16.27426,15.89856,308.0,6,26,8.39e+18,STAR,0.00039113900000000004,7450,56722,786
110.2753731,1.4070696809999999,19.44881,17.06147,16.09691,15.757539999999999,15.581529999999999,308.0,6,26,8.39e+18,STAR,0.000127138,7450,56722,782
110.27303049999999,1.4248066190000002,19.585539999999998,17.76914,16.91808,16.554389999999998,16.34465,308.0,6,26,8.39e+18,STAR,9.15e-05,7450,56722,781
110.4555313,1.254180245,19.58684,17.73149,16.96642,16.67645,16.4914,308.0,6,28,8.39e+18,STAR,0.00034609,7450,56722,829
110.4698503,1.228434849,19.425710000000002,17.78678,17.11364,16.85967,16.678539999999998,308.0,6,28,8.39e+18,STAR,0.000182417,7450,56722,830
110.73069960000001,1.289661343,18.36269,16.790129999999998,16.162860000000002,15.91035,15.780320000000001,308.0,6,29,8.39e+18,STAR,0.000170339,7450,56722,942
119.82210259999998,1.324423012,19.11461,17.111079999999998,16.35578,16.07985,15.947470000000001,308.0,6,90,8.39e+18,STAR,0.000258839,7451,56739,702
119.9972972,1.2956188690000001,19.25602,17.7522,17.28004,17.11725,17.12696,308.0,6,91,8.39e+18,STAR,0.000270987,7451,56739,746
120.12414799999999,1.311372513,18.683120000000002,16.80078,16.12189,15.88605,15.78726,308.0,6,92,8.39e+18,STAR,0.000208869,7451,56739,782
120.19498700000001,1.339231727,19.13375,17.84091,17.37001,17.20419,17.1407,308.0,6,93,8.39e+18,STAR,0.000275159,7451,56739,785
120.2980709,1.359265937,19.41101,17.17151,16.17792,15.78271,15.515020000000002,308.0,6,93,8.39e+18,STAR,0.000391232,7451,56739,824
120.5478185,1.281227451,19.17278,17.304389999999998,16.63581,16.435979999999997,16.35109,308.0,6,95,8.39e+18,STAR,-6.64e-05,7451,56739,872
244.5764969,-1.255263413,19.29697,18.08211,17.20792,16.743470000000002,16.437620000000003,727.0,1,74,3.9e+17,GALAXY,0.12720510000000002,346,51693,133
243.907446,0.00239456,18.719620000000003,17.453110000000002,16.88231,16.54723,16.2756,727.0,4,70,3.9e+17,GALAXY,0.06540032,346,51693,237
244.10233219999998,0.002619598,19.35342,18.11187,17.45305,17.10616,16.88711,727.0,4,71,3.9e+17,GALAXY,0.07115377,346,51693,181
243.34702650000003,0.424137063,19.25923,18.84224,18.859389999999998,18.69218,18.768420000000003,727.0,5,66,3.89e+17,QSO,0.5894275,345,51690,590
174.16448830000002,-0.956707465,19.57255,18.59834,18.479110000000002,18.45792,18.604589999999998,745.0,1,103,3.18e+17,STAR,0.001135097,282,51658,94
239.3606352,-0.9166897270000001,19.238789999999998,17.49932,16.53521,16.092229999999997,15.76121,745.0,1,538,3.86e+17,GALAXY,0.03969949,343,51692,129
239.40207,-0.9758787520000001,18.674220000000002,17.42511,16.89116,16.67803,16.57392,745.0,1,539,3.86e+17,STAR,-0.000143192,343,51692,121
243.56752400000002,-0.880445873,18.83577,17.25845,16.545560000000002,16.134339999999998,15.83491,745.0,1,567,3.88e+17,GALAXY,0.07050942,345,51690,19
243.7088761,-0.9156529609999999,17.61482,15.69639,14.77024,14.318760000000001,13.953529999999999,745.0,1,568,3.9e+17,GALAXY,0.0307668,346,51693,291
243.84736850000002,-0.898343247,19.41207,18.88776,18.56437,18.58996,18.3926,745.0,1,568,3.9e+17,QSO,1.06284,346,51693,256
244.1624119,-0.889893127,18.994120000000002,17.90879,17.464660000000002,17.28111,17.20599,745.0,1,571,3.9e+17,STAR,-0.000178635,346,51693,251
244.5126642,-0.934182657,19.14963,18.00378,17.4657,17.1376,16.90036,745.0,1,573,3.9e+17,GALAXY,0.04402394,346,51693,206
244.81394480000003,-0.937774714,18.7809,19.0767,19.45117,19.74457,20.02123,745.0,1,575,3.9e+17,STAR,0.000609734,346,51693,99
244.94905330000003,-0.894234904,19.15965,18.91703,18.615170000000003,18.38544,18.42006,745.0,1,576,3.9e+17,QSO,1.496161,346,51693,90
245.4938873,-0.903742395,17.33854,16.272370000000002,15.90035,15.75182,15.696670000000001,745.0,1,579,3.9e+17,STAR,-0.000872277,346,51693,2
245.35937149999998,-0.9053928859999999,19.382189999999998,18.20107,17.8056,17.4992,17.411720000000003,745.0,1,579,4.1e+17,GALAXY,0.06565089,364,52000,294
245.41765930000003,-0.855605136,19.2266,17.27751,16.39126,15.95711,15.61498,745.0,1,579,4.1e+17,GALAXY,0.04565,364,52000,281
245.4760412,-0.85992427,19.41398,17.290779999999998,16.337020000000003,15.87626,15.48284,745.0,1,579,4.1e+17,GALAXY,0.04462435,364,52000,295
245.53882430000002,-0.8725552320000001,19.19971,17.22391,16.29199,15.85335,15.483670000000002,745.0,1,580,3.9e+17,GALAXY,0.04954444,346,51693,14
205.0729646,-0.6826117009999999,18.94325,17.02095,16.06735,15.633870000000002,15.28098,752.0,2,411,3.37e+17,GALAXY,0.08937013,299,51671,210
205.6135979,-0.65715286,18.888379999999998,17.88406,17.42734,17.12453,16.98339,752.0,2,414,3.37e+17,GALAXY,0.08640119,299,51671,151
205.6955733,-0.694928963,19.3652,18.1399,17.65534,17.4715,17.37664,752.0,2,415,3.37e+17,STAR,6.53e-05,299,51671,114
205.6503963,-0.628361675,19.46207,17.81834,17.01301,16.617,16.319020000000002,752.0,2,415,3.37e+17,GALAXY,0.07104074,299,51671,103
205.74201409999998,-0.7654207559999999,18.34066,16.5023,15.64826,15.26125,14.956270000000002,752.0,2,415,3.37e+17,GALAXY,0.07053274,299,51671,57
205.760907,-0.742003104,18.86362,17.87739,17.46657,17.17367,17.04404,752.0,2,415,3.37e+17,GALAXY,0.06982873,299,51671,56
205.8072795,-0.786819198,17.7933,16.90408,16.6164,16.30378,16.30438,752.0,2,416,3.37e+17,GALAXY,0.08875664,299,51671,60
205.91698730000002,-0.8335010270000001,19.141579999999998,17.99588,17.53081,17.2301,17.13721,752.0,2,416,3.37e+17,GALAXY,0.1066131,299,51671,59
206.0447121,-0.761242085,19.172629999999998,18.060679999999998,17.6305,17.332720000000002,17.2204,752.0,2,417,3.37e+17,GALAXY,0.08685333,299,51671,58
206.1416484,-0.6787276729999999,18.57808,17.38363,17.39016,17.42856,17.489060000000002,752.0,2,418,3.38e+17,STAR,0.0007843980000000001,300,51943,291
206.1712247,-0.8306258479999999,19.13297,18.72812,18.69815,18.67673,18.45058,752.0,2,418,4.55e+18,QSO,2.270286,4043,55630,216
206.11395149999998,-0.728211449,19.225820000000002,18.9224,18.81053,18.69143,18.74117,752.0,2,418,3.38e+17,QSO,1.452307,300,51943,300
206.3704304,-0.79829575,19.152420000000003,17.42991,16.57173,16.159329999999997,15.854339999999999,752.0,2,420,3.37e+17,GALAXY,0.08845632,299,51671,20
206.3741669,-0.7816732479999999,18.281010000000002,17.18856,16.70175,16.33173,16.14626,752.0,2,420,3.38e+17,GALAXY,0.08813617,300,51943,299
206.52457980000003,-0.6988956620000001,19.18844,18.757920000000002,18.86976,19.021079999999998,19.25434,752.0,2,421,3.37e+17,STAR,5.59e-05,299,51671,22
206.5766774,-0.8015861790000001,19.14205,17.96772,17.453210000000002,17.09447,16.881610000000002,752.0,2,421,3.37e+17,GALAXY,0.08856599999999999,299,51671,16
206.6330657,-0.724304266,18.92986,17.92031,17.41597,17.12756,17.03521,752.0,2,421,3.37e+17,GALAXY,0.1484416,299,51671,5
206.79808559999998,-0.7701831290000001,18.6924,17.7664,17.48753,17.38595,17.35225,752.0,2,422,4.55e+18,STAR,0.00022482400000000001,4043,55630,98
206.8064741,-0.6712874870000001,18.3738,16.84218,16.10014,15.714129999999999,15.417929999999998,752.0,2,422,3.38e+17,GALAXY,0.04749686,300,51943,255
207.1038115,-0.816326578,19.03027,17.92062,17.545370000000002,17.40652,17.39518,752.0,2,424,3.38e+17,STAR,-1.12e-05,300,51943,216
207.0943716,-0.766966437,17.92943,16.42391,15.792489999999999,15.470629999999998,15.23182,752.0,2,424,3.38e+17,GALAXY,0.02614107,300,51943,218
207.1466367,-0.672593158,17.619,16.613429999999997,16.47639,16.426379999999998,16.438670000000002,752.0,2,425,3.38e+17,STAR,0.000308748,300,51943,202
207.1816447,-0.72594899,16.85941,15.83554,15.77641,15.7712,15.82794,752.0,2,425,3.38e+17,STAR,0.000129414,300,51943,213
207.2248563,-0.7823706220000001,16.88578,15.99562,15.6586,15.51201,15.476170000000002,752.0,2,425,4.55e+18,STAR,2.77e-06,4043,55630,58
207.2581291,-0.83005592,15.85837,14.6398,14.627,14.652320000000001,14.71224,752.0,2,425,3.38e+17,STAR,0.00010604399999999999,300,51943,131
207.3929659,-0.684141388,18.11682,17.77947,17.87333,17.7141,17.67043,752.0,2,426,3.38e+17,QSO,0.5148024999999999,300,51943,139
207.4450935,-0.741950842,19.476470000000003,17.61476,16.68962,16.23929,15.874379999999999,752.0,2,427,3.38e+17,GALAXY,0.07854678,300,51943,138
207.4502062,-0.7280529029999999,18.14094,16.32733,15.41508,14.974620000000002,14.650879999999999,752.0,2,427,4.55e+18,GALAXY,0.07823353,4040,55605,344
207.456735,-0.726104512,19.194589999999998,18.31113,18.09644,17.83205,17.75919,752.0,2,427,3.38e+17,GALAXY,0.05310636,300,51943,121
207.48936909999998,-0.8032721509999999,19.53265,18.15082,17.43013,17.02216,16.7586,752.0,2,427,3.38e+17,GALAXY,0.0927506,300,51943,129
207.7048473,-0.81179491,19.31942,17.365489999999998,16.379179999999998,15.92805,15.551039999999999,752.0,2,428,3.38e+17,GALAXY,0.09100784,300,51943,81
207.8799425,-0.7454715120000001,17.156979999999997,16.04984,15.6602,15.51096,15.47703,752.0,2,430,3.38e+17,STAR,-4.7e-05,300,51943,57
208.06941919999997,-0.775694214,19.13015,18.99829,18.693070000000002,18.628439999999998,18.67269,752.0,2,431,3.38e+17,QSO,1.244108,300,51943,52
208.2329375,-0.696097698,19.47384,18.023139999999998,17.21636,16.78238,16.43555,752.0,2,432,3.38e+17,GALAXY,0.11556620000000001,300,51943,18
208.64121709999998,-0.7766127159999999,17.147289999999998,15.85645,15.21062,14.84574,14.527510000000001,752.0,2,435,4.55e+18,GALAXY,0.02707425,4041,55361,644
208.6944506,-0.674094359,18.77788,17.116220000000002,16.37415,15.98126,15.687120000000002,752.0,2,435,3.39e+17,GALAXY,0.03762654,301,51942,307
208.6981259,-0.760115862,19.136210000000002,17.95535,17.33129,16.9772,16.74717,752.0,2,435,3.39e+17,GALAXY,0.1425752,301,51942,284
208.737877,-0.660098784,18.90994,17.66969,16.9995,16.622220000000002,16.35383,752.0,2,435,3.39e+17,GALAXY,0.08791664,301,51942,273
208.9381501,-0.757246504,15.621210000000001,14.608970000000001,14.434870000000002,14.400720000000002,14.45437,752.0,2,437,3.39e+17,STAR,0.00010314,301,51942,256
209.0907019,-0.656281418,19.23039,18.06944,17.59436,17.238120000000002,17.09449,752.0,2,438,3.39e+17,GALAXY,0.07908808,301,51942,230
209.2886379,-0.644143632,18.812910000000002,17.77027,17.30868,16.95996,16.8011,752.0,2,439,3.39e+17,GALAXY,0.07006504,301,51942,189
209.29364009999998,-0.832521517,19.0146,17.33462,16.45423,16.02605,15.675889999999999,752.0,2,439,3.39e+17,GALAXY,0.08909858,301,51942,123
209.3959125,-0.780272541,17.92018,17.92471,17.884,17.62558,17.534860000000002,752.0,2,440,4.55e+18,QSO,1.771222,4041,55361,809
209.4291533,-0.76259171,17.80781,16.93552,16.671879999999998,16.47706,16.3433,752.0,2,440,3.39e+17,GALAXY,0.02961222,301,51942,134
209.48670380000002,-0.666855747,18.232039999999998,16.455679999999997,15.630560000000001,15.19764,14.8788,752.0,2,440,3.39e+17,GALAXY,0.06956718,301,51942,175
209.6880596,-0.7249609890000001,18.49833,17.49403,17.331570000000003,17.28345,17.28941,752.0,2,442,3.39e+17,STAR,0.000322833,301,51942,100
209.67522769999997,-0.658012832,18.929579999999998,16.90914,15.78403,15.315539999999999,14.937970000000002,752.0,2,442,3.39e+17,GALAXY,0.13156400000000001,301,51942,177
209.84884530000002,-0.831517588,19.07301,18.11891,17.76631,17.65374,17.603939999999998,752.0,2,443,4.55e+18,STAR,-0.000162314,4037,55631,378
209.95131690000002,-0.7661634429999999,19.15065,17.36285,16.52798,16.15387,15.805570000000001,752.0,2,443,3.39e+17,GALAXY,0.10632,301,51942,96
185.37936159999998,0.086911559,18.13147,17.3532,16.93616,16.56829,16.444229999999997,752.0,4,279,3.24e+17,GALAXY,0.1072231,288,52000,545
185.26756840000002,0.084620838,18.542189999999998,17.49083,17.070870000000003,16.71762,16.57594,752.0,4,279,3.24e+17,GALAXY,0.10708030000000002,288,52000,505
185.2807974,0.047531708,19.538520000000002,19.139,18.55866,18.17328,17.99881,752.0,4,279,3.24e+17,QSO,0.1572411,288,52000,544
185.37945569999997,0.128518845,19.257620000000003,19.24938,18.9753,18.885679999999997,18.91675,752.0,4,279,3.24e+17,QSO,1.335835,288,52000,547
185.44813349999998,0.015136137,17.890520000000002,16.98527,16.73305,16.63174,16.61334,752.0,4,280,2.88e+18,STAR,7.54e-05,2558,54140,426
185.4852185,0.163399564,18.71479,16.97454,16.38521,16.12513,15.90649,752.0,4,280,3.24e+17,GALAXY,0.106216,288,52000,599
185.5285092,0.082486629,18.95637,17.97179,17.80977,17.762729999999998,17.78803,752.0,4,280,2.88e+18,STAR,0.000359946,2558,54140,475
185.5577817,0.032905127,18.25347,17.34355,17.125770000000003,17.02307,16.96043,752.0,4,280,2.88e+18,STAR,0.000522862,2558,54140,480
185.65197680000003,0.041542657000000004,19.26136,19.1851,18.9592,18.88952,18.863329999999998,752.0,4,281,3.24e+17,QSO,1.330196,288,52000,588
185.7174995,0.091660892,16.412779999999998,14.86871,14.312870000000002,14.10415,13.987879999999999,752.0,4,282,2.88e+18,STAR,-0.000120691,2558,54140,467
185.74714219999998,0.19628252899999998,19.05024,19.09565,19.19766,18.90488,18.8281,752.0,4,282,3.24e+17,QSO,1.895719,288,52000,594
185.7665342,0.028554011,18.97832,18.10239,17.81904,17.715020000000003,17.695,752.0,4,282,2.88e+18,STAR,0.000433085,2558,54140,466
185.77032749999998,0.198644075,18.70031,17.83492,17.570529999999998,17.45308,17.407989999999998,752.0,4,282,2.88e+18,STAR,-6.92e-05,2558,54140,476
185.8555339,0.133289829,19.59163,17.81984,16.845979999999997,16.44592,16.10031,752.0,4,282,3.24e+17,GALAXY,0.1062806,288,52000,623
185.9015378,0.14503643900000002,16.0238,15.09469,14.80986,14.6965,14.6701,752.0,4,283,2.88e+18,STAR,0.000477176,2558,54140,462
185.98008380000002,0.039155301,15.1353,13.94085,13.94638,14.00164,14.03319,752.0,4,283,2.88e+18,STAR,0.00041384099999999997,2558,54140,468
186.0117034,0.044316373,16.37136,14.76484,14.22739,14.07195,13.9889,752.0,4,284,2.88e+18,STAR,-7.290000000000001e-05,2558,54140,472
186.0339366,0.005707661,18.76134,17.27291,16.74922,16.59132,16.47496,752.0,4,284,2.88e+18,STAR,-0.000172935,2558,54140,493
186.0765226,0.056070732000000005,17.72557,16.5077,16.112470000000002,15.977829999999999,15.927079999999998,752.0,4,284,2.88e+18,STAR,4.18e-05,2558,54140,492
186.1011642,0.11930627199999999,17.70918,16.77318,16.49644,16.38192,16.34623,752.0,4,284,2.88e+18,STAR,0.000645126,2558,54140,499
186.1111769,0.008868983,17.79889,16.90706,16.530079999999998,16.38745,16.30119,752.0,4,284,2.88e+18,STAR,0.000777288,2558,54140,497
186.01589130000002,0.15452834599999998,19.42352,18.08814,17.5851,17.41209,17.34603,752.0,4,284,2.88e+18,STAR,0.000105949,2558,54140,491
186.02642980000002,0.11730679599999999,19.49485,17.74386,16.93079,16.61019,16.40522,752.0,4,284,2.88e+18,STAR,0.000220751,2558,54140,486
186.0338356,0.113212743,19.101020000000002,17.89368,17.17626,16.78514,16.47559,752.0,4,284,3.25e+17,GALAXY,0.1560981,289,51990,396
186.0395803,0.164585909,19.08999,17.87979,17.30001,16.917379999999998,16.726770000000002,752.0,4,284,3.24e+17,GALAXY,0.07909836,288,52000,627
186.1138317,0.152882187,16.32657,14.791579999999998,14.1052,13.752289999999999,13.46165,752.0,4,284,3.24e+17,GALAXY,0.02549985,288,52000,633
186.1347569,0.05219899099999999,19.588910000000002,18.64184,18.49889,18.465529999999998,18.45593,752.0,4,284,2.89e+18,STAR,-0.000120104,2568,54153,175
186.14690469999996,0.129426424,19.20085,18.08511,17.697789999999998,17.42061,17.29814,752.0,4,284,3.24e+17,GALAXY,0.04204269,288,52000,626
186.21219340000002,0.009597379,18.91914,18.02611,17.80632,17.719070000000002,17.72131,752.0,4,285,2.88e+18,STAR,0.0005579830000000001,2558,54140,496
186.24984840000002,0.130219088,17.6936,16.32069,15.80393,15.6132,15.532060000000001,752.0,4,285,2.88e+18,STAR,0.000325267,2558,54140,481
186.25720719999998,0.14850123,18.35066,17.41139,17.18135,17.08709,17.08965,752.0,4,285,2.88e+18,STAR,-3.05e-05,2558,54140,488
186.2859601,0.06193330000000001,18.0996,17.1742,16.83233,16.70185,16.66806,752.0,4,285,3.26e+17,STAR,0.000185148,289,51990,436
186.35740259999997,0.063831679,16.387729999999998,14.9501,14.43486,14.2691,14.197470000000001,752.0,4,286,2.88e+18,STAR,-4.3e-05,2558,54140,514
186.36025690000002,0.082352935,18.9836,17.52731,16.99701,16.7796,16.662779999999998,752.0,4,286,2.88e+18,STAR,8.97e-05,2558,54140,515
186.4232854,0.099919905,16.91041,15.454329999999999,14.858579999999998,14.64869,14.53447,752.0,4,286,2.88e+18,STAR,8.83e-05,2558,54140,512
186.5682699,0.010097677,18.26847,17.98774,17.77489,17.650779999999997,17.51534,752.0,4,287,3.26e+17,QSO,1.974752,289,51990,438
186.57943,0.054573323,17.09046,15.47887,14.816279999999999,14.52759,14.37151,752.0,4,287,2.88e+18,STAR,3.8799999999999994e-05,2558,54140,506
186.5990118,0.141232724,18.92344,17.86703,17.40125,17.19161,17.123520000000003,752.0,4,287,2.88e+18,STAR,0.000351364,2558,54140,542
186.6066405,0.20615305,18.540429999999997,17.63641,17.35255,17.255760000000002,17.174220000000002,752.0,4,287,2.88e+18,STAR,8.27e-05,2558,54140,556
186.49787859999998,0.06582384200000001,19.033820000000002,18.15575,17.951179999999997,17.861439999999998,17.88585,752.0,4,287,2.89e+18,STAR,0.000480309,2568,54153,553
186.67874730000003,0.15163468800000002,18.71259,16.32915,15.08869,14.58182,14.272260000000001,752.0,4,288,2.88e+18,STAR,-5.95e-06,2558,54140,552
186.7344875,0.068075388,18.81766,17.493029999999997,16.91854,16.68079,16.58296,752.0,4,288,2.88e+18,STAR,-0.000470792,2558,54140,559
186.74538869999998,0.10383862599999999,18.573710000000002,17.7188,17.39374,17.28585,17.26827,752.0,4,288,2.88e+18,STAR,0.000180701,2558,54140,543
186.74856169999998,0.17324577600000002,17.40626,15.87684,15.26237,15.039570000000001,14.925989999999999,752.0,4,288,2.88e+18,STAR,-8.99e-05,2558,54140,551
186.7047151,0.185916794,19.53823,17.69941,16.98525,16.67076,16.4375,752.0,4,288,2.88e+18,STAR,0.000759523,2558,54140,550
186.8003236,0.059674849,18.044439999999998,16.12702,15.44266,15.232829999999998,15.12825,752.0,4,289,2.88e+18,STAR,4.77e-05,2558,54140,560
186.81329680000002,0.031704698999999996,18.55765,16.35182,15.45455,15.0802,14.85069,752.0,4,289,2.88e+18,STAR,8.09e-05,2558,54140,553
186.8826033,0.14006496699999998,16.80133,15.345139999999999,14.81955,14.644110000000001,14.58058,752.0,4,289,2.88e+18,STAR,-7.730000000000001e-05,2558,54140,584
186.9081124,0.145877191,17.43725,15.987729999999999,15.43505,15.24584,15.17689,752.0,4,289,2.88e+18,STAR,-6.670000000000001e-05,2558,54140,582
186.8641983,0.048890672999999996,18.78979,17.4279,16.68736,16.28967,15.9906,752.0,4,289,3.26e+17,GALAXY,0.11292160000000001,289,51990,498
161.27338319999998,-0.480484617,17.09137,15.98284,15.62553,15.50242,15.46309,756.0,2,304,2.71e+18,STAR,3.34e-05,2409,54210,250
161.29110649999998,-0.580470302,18.86026,17.2778,16.66154,16.421110000000002,16.29518,756.0,2,304,2.69e+18,STAR,0.00028983599999999997,2389,54213,229
161.31148249999998,-0.611121142,18.914579999999997,17.97609,17.69784,17.55495,17.492729999999998,756.0,2,304,2.88e+18,STAR,0.000308735,2559,54208,270
161.3272007,-0.562638536,17.00254,15.35527,14.73952,14.50755,14.407960000000001,756.0,2,304,2.88e+18,STAR,1.47e-05,2559,54208,226
161.397725,-0.62154885,17.178810000000002,15.565929999999998,14.90381,14.66557,14.54323,756.0,2,304,2.88e+18,STAR,4.9e-05,2559,54208,253
161.40525630000002,-0.486109289,18.60262,17.075020000000002,16.493570000000002,16.328960000000002,16.27352,756.0,2,304,2.69e+18,STAR,4.41e-05,2389,54213,228
161.2784639,-0.46308873899999997,19.05238,17.92345,17.28963,16.89301,16.659879999999998,756.0,2,304,3.1e+17,GALAXY,0.16020879999999998,275,51910,222
161.38509430000002,-0.491358226,19.395310000000002,17.49907,16.76746,16.5326,16.40905,756.0,2,304,2.69e+18,STAR,5.94e-05,2389,54213,224
161.395036,-0.425750026,18.5481,17.3771,16.71891,16.30875,16.06784,756.0,2,304,3.1e+17,GALAXY,0.08583559,275,51910,183
161.4243997,-0.43136728700000004,18.90212,17.839560000000002,17.45825,17.33062,17.29042,756.0,2,305,2.69e+18,STAR,-3.29e-06,2389,54213,222
161.4802825,-0.48937271299999996,16.50787,15.3139,14.8865,14.74076,14.70757,756.0,2,305,2.71e+18,STAR,-4.45e-05,2409,54210,204
161.543731,-0.52396033,17.28613,16.36086,16.02538,15.89519,15.8609,756.0,2,305,2.88e+18,STAR,7.929999999999999e-05,2559,54208,193
161.4226664,-0.5192432060000001,18.99146,17.07726,16.12667,15.696579999999999,15.360079999999998,756.0,2,305,3.1e+17,GALAXY,0.08484705,275,51910,189
161.4291092,-0.593212362,19.005779999999998,17.89613,17.37406,17.02465,16.81729,756.0,2,305,3.1e+17,GALAXY,0.08506283,275,51910,218
161.58086530000003,-0.541816567,17.96859,16.45618,15.879570000000001,15.70021,15.63861,756.0,2,306,2.88e+18,STAR,-6.330000000000001e-05,2559,54208,188
161.7050514,-0.458871115,18.14537,16.98603,16.57416,16.4543,16.40801,756.0,2,306,2.69e+18,STAR,0.00022086099999999998,2389,54213,193
161.58263180000003,-0.528305814,19.03796,17.351020000000002,16.56406,16.19586,15.90696,756.0,2,306,3.1e+17,GALAXY,0.03836075,275,51910,188
161.5988002,-0.550141164,19.55911,17.67387,16.706429999999997,16.32966,16.03905,756.0,2,306,3.1e+17,GALAXY,0.07696021,275,51910,140
161.72570349999998,-0.62828994,19.151,17.45303,16.785220000000002,16.56231,16.45795,756.0,2,307,2.88e+18,STAR,5.11e-05,2559,54208,212
161.7358885,-0.528817419,18.76022,17.71995,17.28579,17.09315,17.007720000000003,756.0,2,307,2.69e+18,STAR,0.000160757,2389,54213,189
161.74651830000002,-0.455315161,16.73108,15.34196,14.81329,14.63843,14.56427,756.0,2,307,2.88e+18,STAR,2.9299999999999997e-05,2559,54208,168
161.7748594,-0.530884415,19.18309,18.28044,17.97188,17.91156,17.87715,756.0,2,307,4.32e+18,STAR,0.00021777,3834,56014,110
161.77672869999998,-0.603295291,17.8964,16.12725,15.407520000000002,15.121720000000002,14.97763,756.0,2,307,2.88e+18,STAR,0.00041774199999999997,2559,54208,163
161.79187209999998,-0.46526043899999997,18.81566,17.4146,16.8651,16.67896,16.57537,756.0,2,307,2.69e+18,STAR,5.1e-06,2389,54213,186
161.8170027,-0.559084404,18.5321,17.63211,17.320610000000002,17.213260000000002,17.18259,756.0,2,307,2.69e+18,STAR,0.000431994,2389,54213,184
161.9235309,-0.446979654,19.52808,18.67979,18.39561,18.2954,18.215999999999998,756.0,2,308,2.71e+18,STAR,0.000371594,2409,54210,163
161.9547497,-0.48326205299999997,17.057779999999998,16.01044,15.697829999999998,15.58869,15.56961,756.0,2,308,2.88e+18,STAR,8.16e-06,2559,54208,169
161.9884128,-0.45583257299999996,15.8452,14.78328,14.48869,14.40722,14.3887,756.0,2,308,2.88e+18,STAR,-7.6e-05,2559,54208,164
161.9479009,-0.571582908,19.247020000000003,17.71808,17.13476,16.9424,16.85483,756.0,2,308,2.88e+18,STAR,-7.979999999999999e-05,2559,54208,162
162.01486369999998,-0.516032181,19.33036,17.50834,16.784760000000002,16.53942,16.40915,756.0,2,308,2.88e+18,STAR,0.000115074,2559,54208,170
162.0176696,-0.57640739,18.77364,17.53109,16.97743,16.6258,16.410429999999998,756.0,2,308,3.1e+17,GALAXY,0.07662232,275,51910,100
162.0223666,-0.497567627,16.594920000000002,15.13649,14.590520000000001,14.40143,14.34641,756.0,2,309,2.88e+18,STAR,3.53e-05,2559,54208,161
162.0738924,-0.425342059,16.37205,15.43852,15.102260000000001,14.96795,14.92506,756.0,2,309,2.88e+18,STAR,0.000423333,2559,54208,180
162.0756395,-0.582039698,16.44267,15.35777,15.239070000000002,15.23717,15.31003,756.0,2,309,2.88e+18,STAR,-0.000151586,2559,54208,171
162.11648689999998,-0.605247906,19.23675,18.29424,18.00808,17.91335,17.88959,756.0,2,309,2.71e+18,STAR,0.000689084,2409,54210,151
162.1289827,-0.61062082,18.37125,16.366989999999998,15.60569,15.362929999999999,15.25285,756.0,2,309,2.88e+18,STAR,-3.1e-05,2559,54208,144
162.0583379,-0.46628816700000003,19.4854,18.1999,17.6562,17.40889,17.290860000000002,756.0,2,309,2.88e+18,STAR,0.0005780480000000001,2559,54208,166
162.0873708,-0.590559104,19.23702,18.37381,18.06147,17.93892,17.9211,756.0,2,309,2.71e+18,STAR,0.000937404,2409,54210,149
162.1670398,-0.525241435,18.65073,17.0002,16.171960000000002,15.69725,15.356110000000001,756.0,2,309,3.1e+17,GALAXY,0.08180232,275,51910,141
162.17343780000002,-0.46646338299999995,19.28355,17.29447,16.52981,16.23584,16.07176,756.0,2,310,2.69e+18,STAR,2.9199999999999998e-05,2389,54213,172
162.195429,-0.541062258,19.07102,18.0139,17.510089999999998,17.31524,17.23491,756.0,2,310,2.88e+18,STAR,0.0007550860000000001,2559,54208,146
162.21441819999998,-0.47905797200000005,18.27637,16.53353,15.7278,15.34265,15.04055,756.0,2,310,3.1e+17,GALAXY,0.06747919,275,51910,103
162.2694814,-0.528871015,18.92278,17.434060000000002,16.85969,16.65171,16.52776,756.0,2,310,2.88e+18,STAR,0.00046522199999999994,2559,54208,155
162.30150759999998,-0.51094568,19.49018,18.69087,18.40932,17.98627,17.874670000000002,756.0,2,310,3.1e+17,GALAXY,0.08137379,275,51910,119
162.3357217,-0.562916471,16.77757,15.790989999999999,15.652510000000001,15.618120000000001,15.644039999999999,756.0,2,311,2.69e+18,STAR,0.000652362,2389,54213,144
162.3820105,-0.433749396,17.5054,15.80306,15.14073,14.883,14.74835,756.0,2,311,2.88e+18,STAR,8.63e-05,2559,54208,157
162.4486986,-0.5949639170000001,16.73909,15.50358,15.00279,14.8113,14.7381,756.0,2,311,2.88e+18,STAR,0.0009889,2559,54208,105
162.4549608,-0.573184032,19.1247,17.39795,16.75752,16.51347,16.3906,756.0,2,311,2.69e+18,STAR,0.000246799,2389,54213,155
162.3536023,-0.42987944200000006,17.467679999999998,15.51855,14.64059,14.21238,13.868479999999998,756.0,2,311,3.1e+17,GALAXY,0.0385065,275,51910,70
162.35813059999998,-0.56013578,19.142889999999998,17.58933,17.22007,16.97656,16.92214,756.0,2,311,3.1e+17,GALAXY,0.05014241,275,51910,2
152.3548242,-0.12974370699999999,19.49632,17.59388,16.67482,16.25166,15.950420000000001,756.0,3,244,3.04e+17,GALAXY,0.09504843,270,51909,228
152.289487,-0.063071315,19.45274,17.621779999999998,16.68552,16.27155,15.9206,756.0,3,244,3.04e+17,GALAXY,0.09546287,270,51909,434
152.381682,-0.040947164,18.45212,16.89779,16.04317,15.65277,15.35365,756.0,3,244,3.04e+17,GALAXY,0.09588677,270,51909,440
152.38801130000002,-0.009528702,19.303420000000003,17.38579,16.42225,15.999189999999999,15.64936,756.0,3,244,3.04e+17,GALAXY,0.09656405,270,51909,422
152.4089187,-0.1597434,19.27068,18.5268,18.12876,17.754739999999998,17.72392,756.0,3,244,3.04e+17,GALAXY,0.13754960000000002,270,51909,224
152.43260859999998,-0.052128999999999995,18.951,17.08533,16.11569,15.69776,15.33339,756.0,3,244,3.04e+17,GALAXY,0.09537001,270,51909,480
152.5672169,-0.07478726299999999,17.89386,16.11245,15.34051,15.000420000000002,14.70411,756.0,3,245,3.04e+17,GALAXY,0.09642068,270,51909,473
152.46301069999998,-0.121920001,18.70498,17.23423,16.5517,16.18321,15.912270000000001,756.0,3,245,3.04e+17,GALAXY,0.06256203,270,51909,199
152.505931,-0.19791262699999998,18.99524,17.87855,17.19045,16.82093,16.564220000000002,756.0,3,245,3.04e+17,GALAXY,0.1512586,270,51909,193
152.52898090000002,-0.057700135,18.59652,17.281570000000002,16.71329,16.36005,16.12741,756.0,3,245,3.04e+17,GALAXY,0.05838413,270,51909,465
152.7169946,-0.134280382,17.95627,16.46152,15.721639999999999,15.30538,15.0177,756.0,3,246,3.04e+17,GALAXY,0.06864782,270,51909,171
152.6749475,-0.127761598,19.04204,17.87724,17.45017,17.21807,17.22886,756.0,3,246,3.04e+17,GALAXY,0.05841528,270,51909,173
153.0783934,-0.060261656,17.35868,16.26491,15.91327,15.793120000000002,15.79815,756.0,3,249,3.04e+17,STAR,-8.45e-05,270,51909,489
153.36427450000002,-0.029097507999999998,17.88942,16.557129999999997,16.10999,15.9643,15.899029999999998,756.0,3,251,3.04e+17,STAR,-0.000145414,270,51909,518
153.47429240000002,-0.154835469,18.73601,16.59921,15.561079999999999,15.12695,14.77491,756.0,3,251,3.04e+17,GALAXY,0.098474,270,51909,80
153.3982997,-0.175484773,19.520770000000002,17.50807,16.52395,16.08269,15.73608,756.0,3,251,3.04e+17,GALAXY,0.0,270,51909,601
153.4494386,-0.174722052,19.33492,17.25626,16.32616,15.91549,15.54986,756.0,3,251,3.04e+17,GALAXY,0.08873131,270,51909,119
153.4961219,-0.081581072,18.18003,16.07295,15.080060000000001,14.62374,14.257270000000002,756.0,3,252,3.05e+17,GALAXY,0.09037467,271,51883,358
153.49926530000002,-0.09052324199999999,19.12968,17.53014,16.703120000000002,16.30732,16.00915,756.0,3,252,3.04e+17,GALAXY,0.09169753,270,51909,67
153.51745669999997,-0.060347679,18.86843,17.42523,16.59959,16.16429,15.83184,756.0,3,252,3.05e+17,GALAXY,0.09730428,271,51883,346
153.5243856,-0.127143014,18.688229999999997,17.60337,17.32386,17.12174,17.00394,756.0,3,252,3.04e+17,GALAXY,0.046331199999999996,270,51909,77
153.5322459,-0.051038707,19.524070000000002,18.15866,17.44809,17.07915,16.8003,756.0,3,252,3.04e+17,GALAXY,0.09289638,270,51909,554
153.6778371,-0.159828151,19.3824,18.43046,18.16253,18.06108,18.0092,756.0,3,253,4.31e+18,STAR,3.09e-05,3831,55543,488
153.6494362,-0.15526035,19.28799,17.44256,16.54024,16.12604,15.786129999999998,756.0,3,253,3.04e+17,GALAXY,0.09554408,270,51909,39
153.83451409999998,-0.12978664199999998,17.90158,16.980520000000002,16.750420000000002,16.65792,16.641939999999998,756.0,3,254,4.31e+18,STAR,0.000116237,3831,55543,480
153.8572373,-0.070510582,19.343529999999998,18.01985,17.20665,16.78012,16.49426,756.0,3,254,3.05e+17,GALAXY,0.14425239999999998,271,51883,318
154.0026584,-0.112700988,19.09596,17.076620000000002,16.169829999999997,15.72136,15.34942,756.0,3,255,3.05e+17,GALAXY,0.05991426,271,51883,265
154.1217706,-0.026990451000000002,19.44706,18.06446,17.47818,17.14834,16.897660000000002,756.0,3,256,3.05e+17,GALAXY,0.1043095,271,51883,397
154.24442219999997,-0.11901727699999999,19.107020000000002,19.07256,18.79198,18.64582,18.07549,756.0,3,257,3.05e+17,QSO,0.3372652,271,51883,228
154.35963519999999,-0.164217093,19.03104,18.46669,18.11303,18.04101,17.438489999999998,756.0,3,257,3.05e+17,QSO,0.3449105,271,51883,193
154.2790993,-0.175661495,18.58894,17.374579999999998,16.948929999999997,16.7297,16.77008,756.0,3,257,3.05e+17,GALAXY,0.03401261,271,51883,234
154.386659,-0.073125064,19.40503,17.48724,16.53689,16.08374,15.7189,756.0,3,258,3.05e+17,GALAXY,0.0655472,271,51883,195
154.3883821,-0.02924697,19.509420000000002,17.5641,16.60739,16.10064,15.76186,756.0,3,258,3.05e+17,QSO,0.06103761,271,51883,200
154.4271495,-0.193461068,19.10797,17.574820000000003,16.779220000000002,16.37828,16.08525,756.0,3,258,3.05e+17,GALAXY,0.09604297,271,51883,172
154.4527175,-0.030763013999999998,18.6479,16.66485,15.598939999999999,15.12062,14.853179999999998,756.0,3,258,3.05e+17,GALAXY,0.06358586,271,51883,168
154.598453,-0.091045308,18.947689999999998,18.797420000000002,18.65749,18.600479999999997,18.73997,756.0,3,259,3.05e+17,QSO,1.4016899999999999,271,51883,158
154.61191780000001,-0.16419983800000001,18.79575,18.57321,18.55136,18.35209,18.30321,756.0,3,259,3.05e+17,QSO,1.8126509999999998,271,51883,152
154.6224791,-0.141871296,19.066879999999998,18.69043,18.518420000000003,18.41969,18.17964,756.0,3,259,3.05e+17,QSO,2.137572,271,51883,151
154.53558859999998,-0.084208298,19.23177,17.46849,16.54995,16.02666,15.61895,756.0,3,259,3.06e+17,GALAXY,0.061080499999999996,272,51941,304
154.5490428,-0.14946242699999998,19.565170000000002,17.64734,16.729789999999998,16.29004,15.9327,756.0,3,259,3.05e+17,GALAXY,0.06397337,271,51883,180
154.618369,-0.07062022700000001,19.35042,17.61593,16.72431,16.21484,15.82124,756.0,3,259,3.06e+17,GALAXY,0.06570753,272,51941,310
154.6518352,-0.178075478,18.748920000000002,16.90716,15.95795,15.484729999999999,15.082460000000001,756.0,3,259,3.06e+17,GALAXY,0.06359103,272,51941,303
154.7493615,-0.18252079,19.192339999999998,17.33534,16.35525,15.85395,15.51435,756.0,3,260,3.05e+17,GALAXY,0.09228784,271,51883,155
154.79592309999998,-0.153860577,19.09539,18.112920000000003,17.78169,17.651970000000002,17.57892,756.0,3,260,4.31e+18,STAR,0.00048925,3831,55543,306
154.8561628,-0.02990685,18.79426,18.34404,18.25214,18.3229,18.19995,756.0,3,261,3.06e+17,QSO,0.8181214,272,51941,309
154.8642837,-0.034539174,18.37732,16.883010000000002,16.28039,15.94014,15.78495,756.0,3,261,3.05e+17,GALAXY,0.04713511,271,51883,119
154.9829995,-0.201431597,19.102439999999998,17.636020000000002,16.90735,16.522129999999997,16.25722,756.0,3,261,3.05e+17,GALAXY,0.06346736,271,51883,118
155.01586630000003,-0.113941462,19.18205,17.14069,16.10541,15.682979999999999,15.295029999999999,756.0,3,262,3.05e+17,GALAXY,0.1253822,271,51883,75
155.2481467,-0.176081021,18.43279,16.6275,15.718160000000001,15.259279999999999,14.885570000000001,756.0,3,263,3.05e+17,GALAXY,0.05594477,271,51883,79
162.6701244,-0.87441191,19.07583,17.58162,16.95899,16.70053,16.53613,756.0,1,313,2.88e+18,STAR,0.001075843,2559,54208,51
162.6764338,-0.976079059,18.15939,16.46312,15.80274,15.57366,15.45408,756.0,1,313,2.88e+18,STAR,3.3299999999999996e-05,2559,54208,54
162.6854879,-0.8808515579999999,18.72703,17.26665,16.67284,16.44205,16.30302,756.0,1,313,2.88e+18,STAR,0.000481111,2559,54208,55
162.68967859999998,-0.9667094479999999,18.70255,17.28837,16.6527,16.40006,16.24515,756.0,1,313,2.88e+18,STAR,0.00037780800000000004,2559,54208,43
162.7141895,-1.005200603,17.00017,15.58659,15.04507,14.8149,14.700660000000001,756.0,1,313,2.88e+18,STAR,0.000494897,2559,54208,10
162.71588640000002,-0.9033811340000001,17.97968,16.57929,15.815879999999998,15.384839999999999,15.00796,756.0,1,313,3.11e+17,GALAXY,0.03808302,276,51909,256
162.7664195,-0.86051431,17.67043,16.202170000000002,15.636,15.448089999999999,15.32646,756.0,1,313,2.69e+18,STAR,0.000152524,2389,54213,11
162.6520562,-0.923054037,19.47097,17.4802,16.58447,16.17016,15.81771,756.0,1,313,3.11e+17,GALAXY,0.06308059,276,51909,293
162.7014703,-0.9546278009999999,19.48088,17.9746,17.34453,17.11736,16.988960000000002,756.0,1,313,2.69e+18,STAR,7.340000000000001e-05,2389,54213,51
162.7279612,-0.9708824859999999,19.490370000000002,18.2175,17.42162,16.97952,16.68882,756.0,1,313,3.11e+17,GALAXY,0.1156367,276,51909,242
162.7997264,-1.045256905,19.1655,18.07046,18.21098,18.37862,18.57238,756.0,1,314,2.71e+18,STAR,0.000592458,2409,54210,28
162.8093841,-0.973930463,17.61348,16.07891,15.48947,15.283560000000001,15.18689,756.0,1,314,2.88e+18,STAR,0.00019031200000000002,2559,54208,5
162.89705039999998,-1.047254012,17.22627,15.45379,14.818729999999999,14.59723,14.484470000000002,756.0,1,314,2.69e+18,STAR,4.71e-05,2389,54213,6
162.7761506,-0.9552354390000001,19.083070000000003,17.67275,16.96354,16.57325,16.28621,756.0,1,314,3.11e+17,GALAXY,0.0597514,276,51909,247
162.8411225,-1.0093345040000001,19.361810000000002,18.16825,17.62504,17.397920000000003,17.29436,756.0,1,314,2.69e+18,STAR,0.00048806800000000003,2389,54213,1
162.88697,-1.002880575,17.79835,16.35954,15.67576,15.28575,14.9844,756.0,1,314,3.11e+17,GALAXY,0.03730522,276,51909,245
162.9638145,-0.878170696,17.007839999999998,16.07094,15.73836,15.60719,15.554620000000002,756.0,1,315,2.88e+18,STAR,0.00071068,2559,54208,18
162.9643543,-0.854905185,15.928460000000001,15.758339999999999,15.68789,15.79105,15.2599,756.0,1,315,3.11e+17,QSO,0.3589468,276,51909,251
162.9797498,-0.893744848,19.30481,18.2557,17.84356,17.564420000000002,17.365370000000002,756.0,1,315,3.11e+17,GALAXY,0.0485734,276,51909,204
163.05697780000003,-0.9790220390000001,19.21506,18.41121,18.327560000000002,18.30601,18.12276,756.0,1,315,4.32e+18,QSO,2.684319,3835,55570,216
163.06322340000003,-0.964998595,17.85959,16.18301,15.566989999999999,15.376339999999999,15.281770000000002,756.0,1,315,2.88e+18,STAR,-5.05e-05,2559,54208,1
163.06205980000001,-0.95549272,18.42401,16.48616,15.58818,15.160279999999998,14.825370000000001,756.0,1,315,3.11e+17,GALAXY,0.04899042,276,51909,211
162.9443796,-0.920007262,19.04675,17.8448,17.28803,16.95378,16.77695,756.0,1,315,3.11e+17,GALAXY,0.08235819999999999,276,51909,252
163.0141981,-1.0176527309999999,19.58491,18.57561,17.678079999999998,17.228360000000002,16.936989999999998,756.0,1,315,3.11e+17,GALAXY,0.22346799999999997,276,51909,203
163.10201740000002,-0.887508573,17.87044,16.753989999999998,16.34901,16.193929999999998,16.134439999999998,756.0,1,316,2.88e+18,STAR,-1.7e-05,2559,54208,14
163.1626574,-0.943445495,18.983610000000002,17.836560000000002,17.32091,17.11787,17.00929,756.0,1,316,3.11e+17,STAR,0.000114978,276,51909,212
163.090331,-0.8435948120000001,19.11032,18.06835,17.6618,17.34074,17.25613,756.0,1,316,3.11e+17,GALAXY,0.08386619,276,51909,219
163.15046,-0.917234757,18.64009,17.05594,16.25369,15.809320000000001,15.484539999999999,756.0,1,316,3.11e+17,GALAXY,0.08434325,276,51909,214
163.17764019999998,-0.926396752,19.339389999999998,17.72716,16.90447,16.45859,16.14578,756.0,1,316,3.11e+17,GALAXY,0.08470514,276,51909,216
163.3969574,-0.865360114,19.33625,19.10618,18.840220000000002,18.886039999999998,18.813270000000003,756.0,1,318,3.11e+17,QSO,1.0616940000000001,276,51909,137
163.4702877,-0.981304007,18.9978,18.404889999999998,17.942529999999998,17.56832,17.47339,756.0,1,318,3.11e+17,QSO,1.564207,276,51909,139
163.5929159,-0.906219807,18.56139,16.76052,16.06365,15.81395,15.68069,756.0,1,319,3.11e+17,STAR,-2.91e-06,276,51909,90
163.6383429,-0.8696521620000001,19.12334,18.21254,17.86785,17.732029999999998,17.68303,756.0,1,319,4.25e+18,STAR,0.000758047,3772,55277,832
163.6794939,-0.87505947,19.13235,17.135,16.20414,15.77855,15.450239999999999,756.0,1,320,3.11e+17,GALAXY,0.07515175,276,51909,99
163.95662969999998,-1.007108565,18.63928,18.40783,18.72516,18.96407,19.11441,756.0,1,321,4.32e+18,STAR,-0.000113937,3835,55570,42
163.834242,-0.943390113,17.929570000000002,16.204320000000003,15.3285,14.842120000000001,14.485570000000001,756.0,1,321,3.11e+17,GALAXY,0.0747895,276,51909,41
163.8158989,-0.9281100790000001,18.95534,17.08021,16.13205,15.65296,15.251179999999998,756.0,1,321,3.11e+17,GALAXY,0.05176416,276,51909,51
164.00014130000002,-0.95482227,18.39349,16.53366,15.56921,15.092,14.71846,756.0,1,322,3.11e+17,GALAXY,0.07376982,276,51909,57
164.0898765,-0.889000408,18.19049,16.85052,16.12945,15.675289999999999,15.384329999999999,756.0,1,322,3.11e+17,GALAXY,0.07545097,276,51909,19
164.1925042,-0.846054732,18.97626,18.03446,17.68962,17.57739,17.520229999999998,756.0,1,323,4.25e+18,STAR,4.03e-06,3772,55277,910
164.12605580000002,-0.84856516,19.32554,17.3354,16.4046,15.97445,15.637379999999999,756.0,1,323,3.12e+17,GALAXY,0.07552451,277,51908,300
164.1523532,-0.990247421,18.852970000000003,17.48134,16.86091,16.48637,16.23463,756.0,1,323,3.11e+17,GALAXY,0.05539397,276,51909,14
164.19001219999998,-0.878395457,18.78915,17.535829999999997,16.91396,16.537860000000002,16.29176,756.0,1,323,3.11e+17,GALAXY,0.07356068,276,51909,13
164.2268908,-0.919755342,19.57764,18.62945,18.264129999999998,18.10023,18.024820000000002,756.0,1,323,4.25e+18,STAR,6.500000000000001e-05,3772,55277,918
164.3156522,-0.9805751490000001,19.03454,17.84141,17.349529999999998,17.01541,16.87057,756.0,1,324,3.11e+17,GALAXY,0.07556449999999999,276,51909,20
164.3616955,-0.8801342040000001,18.93401,17.781660000000002,17.13355,16.73445,16.51227,756.0,1,324,3.11e+17,GALAXY,0.0910571,276,51909,15
164.2759011,-0.914477456,19.43435,18.26325,17.79818,17.46311,17.274729999999998,756.0,1,324,3.12e+17,GALAXY,0.0750734,277,51908,282
164.51317,-0.904222454,19.0634,18.964660000000002,18.83459,18.653979999999997,18.54942,756.0,1,325,3.12e+17,QSO,1.9557349999999998,277,51908,285
164.6667637,-0.987072205,18.86893,17.77161,17.27226,16.921979999999998,16.767529999999997,756.0,1,326,3.12e+17,GALAXY,0.09644709,277,51908,247
221.7381938,0.475333981,19.296429999999997,18.30095,17.97338,17.860879999999998,17.78991,752.0,5,522,3.3e+18,STAR,-0.000309939,2934,54626,499
221.75761580000002,0.621696381,19.48781,18.34975,18.32759,18.390810000000002,18.48263,752.0,5,522,3.3e+18,STAR,0.0007792060000000001,2934,54626,490
221.7112089,0.468614707,18.61506,17.66902,17.3256,17.07911,16.96687,752.0,5,522,3.47e+17,GALAXY,0.055526,308,51662,487
221.7667332,0.479062035,17.68773,16.15192,15.37372,14.9532,14.64231,752.0,5,522,4.53e+18,GALAXY,0.05580719,4022,55352,880
221.76866099999998,0.493656063,19.505229999999997,18.08859,17.06812,16.59314,16.23049,752.0,5,522,3.47e+17,GALAXY,0.1714733,308,51662,481
221.7743555,0.585563069,19.04896,17.626839999999998,16.84383,16.4579,16.178729999999998,752.0,5,522,3.47e+17,GALAXY,0.0957781,308,51662,485
221.808461,0.46689140000000007,16.8609,15.654589999999999,15.84795,16.01778,16.09447,752.0,5,523,3.28e+18,STAR,-5.2000000000000004e-05,2909,54653,466
221.864273,0.60323062,17.58932,16.63618,16.347739999999998,16.26472,16.236439999999998,752.0,5,523,3.28e+18,STAR,0.000123053,2909,54653,454
221.86777379999998,0.6277940470000001,17.875429999999998,16.84058,16.58549,16.52185,16.522289999999998,752.0,5,523,3.28e+18,STAR,9.77e-06,2909,54653,460
221.90230830000002,0.46216835100000003,18.17631,16.95115,16.38739,16.1694,16.050729999999998,752.0,5,523,3.28e+18,STAR,-4.83e-05,2909,54653,500
221.90794669999997,0.49670999299999996,17.446920000000002,16.516820000000003,16.240029999999997,16.146520000000002,16.110310000000002,752.0,5,523,3.28e+18,STAR,-0.000273817,2909,54653,461
221.8401355,0.6117059260000001,19.47946,18.033079999999998,17.392889999999998,17.06784,16.83607,752.0,5,523,3.47e+17,GALAXY,0.07452711,308,51662,486
221.94061630000002,0.474738647,18.787329999999997,17.95024,17.64966,17.54325,17.51614,752.0,5,524,3.28e+18,STAR,-0.00048217800000000004,2909,54653,498
221.98419040000002,0.446387396,17.50681,16.05808,15.52935,15.36461,15.282860000000001,752.0,5,524,3.28e+18,STAR,-3.77e-05,2909,54653,488
222.0073006,0.44112968,17.52509,16.505770000000002,16.208029999999997,16.10891,16.078129999999998,752.0,5,524,3.28e+18,STAR,8.45e-05,2909,54653,485
222.0195014,0.577652875,17.612000000000002,16.7678,16.444670000000002,16.32392,16.29116,752.0,5,524,4.53e+18,STAR,-0.000594061,4022,55352,958
222.0699747,0.632685808,19.55005,19.45104,19.559479999999997,19.68855,19.8034,752.0,5,524,6.05e+17,GALAXY,0.5843571,537,52027,43
222.0703954,0.5787817670000001,19.56222,18.610310000000002,18.35587,18.2285,18.227870000000003,752.0,5,524,3.47e+17,STAR,-0.000334776,308,51662,506
222.101398,0.566545636,16.381629999999998,15.448160000000001,15.16225,15.06545,15.05005,752.0,5,525,3.28e+18,STAR,0.000655746,2909,54653,482
222.1474027,0.617188571,17.37095,16.278879999999997,15.869879999999998,15.7317,15.69633,752.0,5,525,3.28e+18,STAR,7.7e-05,2909,54653,457
222.1748219,0.478226741,18.857670000000002,17.78661,17.990479999999998,18.16379,18.286479999999997,752.0,5,525,3.3e+18,STAR,-0.000256686,2934,54626,516
222.20553399999997,0.49171235399999996,17.41434,16.52501,16.20485,16.07789,16.026429999999998,752.0,5,525,3.28e+18,STAR,0.0010264360000000001,2909,54653,508
222.20938950000001,0.458158089,19.12092,18.220129999999997,17.98256,17.89219,17.83752,752.0,5,525,3.3e+18,STAR,6.459999999999998e-05,2934,54626,508
222.22682430000003,0.462859925,17.941589999999998,16.6496,16.00563,15.644829999999999,15.36471,752.0,5,525,3.48e+17,GALAXY,0.03443914,309,51994,346
222.1655886,0.44778348700000004,18.41705,17.3414,16.8993,16.6444,16.474510000000002,752.0,5,525,3.47e+17,GALAXY,0.03457854,308,51662,508
222.2592131,0.609162935,19.13914,18.14602,17.76331,17.61261,17.53908,752.0,5,526,3.28e+18,STAR,2.17e-06,2909,54653,539
222.2676231,0.627672056,17.43897,16.26901,16.20808,16.25376,16.292070000000002,752.0,5,526,3.28e+18,STAR,-0.000858878,2909,54653,532
222.2867267,0.439344856,18.96441,17.58614,17.0402,16.83655,16.74259,752.0,5,526,3.28e+18,STAR,0.000134893,2909,54653,507
222.33850130000002,0.524255538,19.27851,17.592570000000002,17.7325,24.356820000000003,18.04501,752.0,5,526,3.47e+17,STAR,-3.39e-05,308,51662,552
222.2496265,0.583698893,19.5731,18.34088,17.81578,17.58725,17.49151,752.0,5,526,3.3e+18,STAR,0.000255109,2934,54626,511
222.3909008,0.48756861,16.96505,15.7589,15.83425,15.927979999999998,16.00828,752.0,5,527,3.28e+18,STAR,-6.579999999999999e-05,2909,54653,501
222.39275049999998,0.605170014,19.05459,18.04969,17.6553,17.56808,17.48506,752.0,5,527,3.28e+18,STAR,-0.000132466,2909,54653,535
222.4040716,0.5620505179999999,17.88768,16.85683,16.72489,16.70373,16.71813,752.0,5,527,3.28e+18,STAR,0.00027895400000000004,2909,54653,504
222.44182080000002,0.613423199,19.06321,17.69734,17.16108,16.98235,16.8865,752.0,5,527,3.28e+18,STAR,-2.6300000000000002e-05,2909,54653,528
222.48909989999999,0.558296016,16.9911,15.17415,14.373629999999999,13.99589,13.71774,752.0,5,527,3.47e+17,GALAXY,0.03983419,308,51662,560
222.49145430000002,0.548738021,18.99404,17.49792,16.92866,16.72374,16.63062,752.0,5,527,3.28e+18,STAR,-0.000171654,2909,54653,542
222.5090329,0.578780567,17.78947,15.916910000000001,15.070529999999998,14.67859,14.36553,752.0,5,527,3.48e+17,GALAXY,0.04041696,309,51994,341
222.49986890000002,0.540387339,19.5456,19.30174,19.28545,19.034860000000002,18.92336,752.0,5,527,4.53e+18,QSO,1.708234,4019,55363,522
222.5548702,0.593016181,18.95988,17.82082,17.37332,17.20241,17.13798,752.0,5,528,3.47e+17,STAR,-4.61e-05,308,51662,587
222.62873109999998,0.610314038,18.438029999999998,17.35825,17.173370000000002,17.136960000000002,17.16753,752.0,5,528,3.47e+17,STAR,8.740000000000001e-05,308,51662,582
222.65265559999997,0.623412513,18.20361,18.046960000000002,17.7736,17.79992,17.86788,752.0,5,528,4.52e+18,QSO,1.078722,4018,55622,166
222.5356133,0.614590469,18.9386,17.40152,16.62746,16.27216,15.9696,752.0,5,528,3.47e+17,GALAXY,0.04044159,308,51662,590
222.5495784,0.5435752979999999,17.6157,16.21818,15.507270000000002,15.095120000000001,14.767079999999998,752.0,5,528,3.47e+17,GALAXY,0.03950118,308,51662,583
222.55816180000002,0.557515184,18.98946,17.83726,17.34649,17.12594,16.988770000000002,752.0,5,528,3.48e+17,GALAXY,0.03979656,309,51994,348
222.807498,0.447500575,18.760920000000002,17.06253,16.26154,15.855170000000001,15.549270000000002,752.0,5,529,3.47e+17,GALAXY,0.0635696,308,51662,599
222.8613088,0.491121435,19.11269,17.97062,17.43498,17.194570000000002,17.0672,752.0,5,530,3.28e+18,STAR,0.00019872,2909,54653,584
222.9301236,0.551959989,17.68786,16.79101,16.523020000000002,16.42408,16.39017,752.0,5,530,3.28e+18,STAR,3.52e-05,2909,54653,590
222.93396780000003,0.432157455,18.236520000000002,17.03079,16.523410000000002,16.280720000000002,16.18811,752.0,5,530,3.28e+18,STAR,0.000122931,2909,54653,587
222.95542030000001,0.472939254,18.315839999999998,17.36814,17.06714,16.912679999999998,16.87696,752.0,5,530,3.28e+18,STAR,2.56e-05,2909,54653,583
223.035008,0.49467805600000003,18.35068,17.1323,16.693379999999998,16.5298,16.45769,752.0,5,531,3.48e+17,STAR,0.000164416,309,51994,398
245.7006332,-0.84430057,18.04187,16.38026,15.517510000000001,15.04708,14.683620000000001,745.0,1,581,4.1e+17,GALAXY,0.04593659,364,52000,286
246.020743,-0.877447933,18.05132,16.94163,16.56012,16.27179,16.12879,745.0,1,583,4.1e+17,GALAXY,0.05315065,364,52000,255
246.015172,-0.902868763,17.75489,16.310370000000002,15.54011,15.102739999999999,14.79766,745.0,1,583,4.1e+17,GALAXY,0.04652571,364,52000,259
246.1524866,-0.919125262,19.14551,17.94895,17.85661,17.85323,17.883210000000002,745.0,1,584,4.1e+17,STAR,-0.000221536,364,52000,203
246.1603004,-0.896662044,18.03995,16.84321,16.26401,15.869489999999999,15.62851,745.0,1,584,4.1e+17,GALAXY,0.04825275,364,52000,201
246.27340299999997,-0.935451398,19.22729,18.10856,17.62888,17.427039999999998,17.30622,745.0,1,585,4.1e+17,STAR,-5.15e-05,364,52000,209
247.1761035,-0.882946006,18.64252,17.46848,17.347170000000002,17.333289999999998,17.36111,745.0,1,591,4.1e+17,STAR,-9.559999999999999e-05,364,52000,54
247.2544886,-0.854530838,18.25633,16.75476,16.15203,15.92617,15.82208,745.0,1,591,4.1e+17,STAR,9.41e-06,364,52000,15
249.65931490000003,-0.9048670540000001,19.329720000000002,19.59161,19.94725,20.239620000000002,20.30066,745.0,1,607,3.92e+17,STAR,-0.000116555,348,51671,3
249.5831957,-0.915852881,19.564420000000002,18.31213,18.154989999999998,18.12128,18.101960000000002,745.0,1,607,3.92e+17,STAR,-0.000429915,348,51671,4
249.692212,-0.891026543,19.57101,17.94255,16.91265,16.47159,16.0629,745.0,1,608,3.92e+17,GALAXY,0.08782733,348,51671,6
183.70192880000002,-0.631993123,18.10185,16.71889,16.111279999999997,15.8495,15.708979999999999,745.0,2,167,3.72e+18,STAR,0.000592011,3306,54922,109
184.0692739,-0.6315127779999999,18.38508,17.150370000000002,16.619629999999997,16.389860000000002,16.271639999999998,745.0,2,169,3.72e+18,GALAXY,0.7351998000000001,3306,54922,66
238.98777009999998,-0.602334742,18.14292,17.74537,17.581310000000002,17.576539999999998,17.47079,745.0,2,536,3.86e+17,QSO,0.7628108,343,51692,187
239.40794530000002,-0.5099333420000001,17.80781,16.46973,16.38199,16.34636,16.35388,745.0,2,539,3.86e+17,STAR,-0.000582766,343,51692,147
239.3827793,-0.467645078,18.924310000000002,17.238789999999998,16.34981,15.879129999999998,15.531989999999999,745.0,2,539,3.86e+17,GALAXY,0.08465462,343,51692,150
239.54234,-0.522224201,19.2607,17.75067,17.52371,17.3766,17.15547,745.0,2,540,3.86e+17,QSO,2.832395,343,51692,145
242.98194180000002,-0.485089759,18.10821,16.77918,16.21246,16.0048,15.901539999999999,745.0,2,563,3.9e+17,STAR,-0.000417835,346,51693,303
242.95482290000004,-0.446457437,18.90115,17.03906,16.03109,15.4815,15.065389999999999,745.0,2,563,3.88e+17,GALAXY,0.08011556,345,51690,112
243.0210074,-0.49456988700000004,19.2421,18.07248,17.57599,17.213739999999998,17.00031,745.0,2,563,3.9e+17,GALAXY,0.06661516,346,51693,314
243.88439390000002,-0.458423132,17.01633,16.8166,16.47103,16.01772,15.98409,745.0,2,569,3.9e+17,QSO,0.1464716,346,51693,223
244.11295669999998,-0.492485347,17.34144,17.66519,18.087429999999998,18.37465,18.64286,745.0,2,570,3.9e+17,STAR,-5.11e-06,346,51693,195
244.1388571,-0.484508165,19.17439,17.9477,17.45896,17.276239999999998,17.123620000000003,745.0,2,570,3.9e+17,STAR,-1.1599999999999999e-05,346,51693,193
244.28491040000003,-0.455476627,18.63084,16.693260000000002,15.67451,15.205570000000002,14.820770000000001,745.0,2,571,3.9e+17,GALAXY,0.09280799,346,51693,162
244.49183100000002,-0.470565564,18.43597,17.47617,17.10257,16.90971,16.82976,745.0,2,573,3.9e+17,GALAXY,0.01660742,346,51693,148
244.4967906,-0.49839785700000006,17.9878,16.51811,15.74451,15.304329999999998,14.985560000000001,745.0,2,573,3.9e+17,GALAXY,0.0504769,346,51693,146
244.91639700000002,-0.523075658,18.45084,17.39167,16.97855,16.82599,16.76456,745.0,2,576,3.9e+17,STAR,-0.00034075,346,51693,81
244.92558209999999,-0.455836405,19.347070000000002,17.76923,16.927139999999998,16.48486,16.146079999999998,745.0,2,576,3.9e+17,GALAXY,0.07900908,346,51693,106
244.93554480000003,-0.47924699600000004,18.53797,17.16947,16.5021,16.189329999999998,15.95892,745.0,2,576,3.9e+17,GALAXY,0.05936759,346,51693,108
245.12849330000003,-0.499415435,19.18215,18.79711,18.8115,18.61492,18.51464,745.0,2,577,4.1e+17,QSO,0.5382954000000001,364,52000,307
245.3673526,-0.457073809,18.123160000000002,16.319779999999998,15.37991,14.910120000000001,14.5367,745.0,2,579,4.1e+17,GALAXY,0.05909181,364,52000,302
245.37669440000002,-0.45700795200000005,19.46922,17.96987,17.31625,16.92729,16.71774,745.0,2,579,3.9e+17,GALAXY,0.06916405,346,51693,67
245.97847940000003,-0.483455495,19.38072,17.38953,16.26663,15.75659,15.369629999999999,745.0,2,583,4.1e+17,GALAXY,0.09362785,364,52000,221
246.0343781,-0.473284059,19.51987,17.56103,16.442999999999998,15.95302,15.573039999999999,745.0,2,583,4.1e+17,GALAXY,0.14243789999999998,364,52000,190
246.26815699999997,-0.42698989600000004,19.46025,18.28482,17.78494,17.503770000000003,17.314970000000002,745.0,2,585,4.1e+17,GALAXY,0.04653732,364,52000,161
246.6956258,-0.510110724,18.0106,16.81185,16.32209,16.03653,15.92627,745.0,2,588,4.1e+17,GALAXY,0.044495,364,52000,146
246.78208089999998,-0.492431557,17.609939999999998,15.90911,15.0209,14.54955,14.199710000000001,745.0,2,588,4.1e+17,GALAXY,0.04619161,364,52000,107
247.02113909999997,-0.448676629,19.235120000000002,19.08207,18.78046,18.811239999999998,18.99055,745.0,2,590,4.1e+17,QSO,1.149604,364,52000,74
248.26901580000003,-0.488919926,19.27635,17.99304,17.47953,17.290879999999998,18.2856,745.0,2,598,3.92e+17,STAR,-7.32e-05,348,51671,236
248.8945205,-0.45232948700000003,18.73576,16.838260000000002,15.94847,15.53803,15.156379999999999,745.0,2,602,3.92e+17,GALAXY,0.07018682,348,51671,163
249.4965512,-0.49846827200000005,18.99369,17.311220000000002,16.48666,16.053320000000003,15.748579999999999,745.0,2,606,3.92e+17,GALAXY,0.05894065,348,51671,106
189.429821,-0.131042119,17.838829999999998,16.62422,16.84056,17.03584,17.158170000000002,745.0,3,205,3.26e+18,STAR,0.000648475,2895,54567,116
189.4485445,-0.052745243,18.975620000000003,17.84829,17.494120000000002,17.374000000000002,17.35097,745.0,3,205,3.28e+17,STAR,0.000257387,291,51928,310
189.453801,-0.097312842,17.66081,16.62739,16.288420000000002,16.17215,16.14751,745.0,3,205,3.26e+18,STAR,5.91e-07,2895,54567,117
189.4687466,-0.035999748,17.28231,16.209,15.7648,15.51375,15.479679999999998,745.0,3,205,3.26e+18,STAR,0.000579113,2895,54567,119
189.52224919999998,-0.027031352999999998,16.32175,14.72385,13.8848,13.46923,13.15061,745.0,3,205,3.27e+17,GALAXY,0.01251297,290,51941,516
189.4971499,-0.110585473,19.25978,18.10524,17.4296,17.08964,16.85153,745.0,3,205,3.28e+17,GALAXY,0.1383053,291,51928,318
225.52925330000002,-0.029787763999999998,19.21136,18.738,18.76889,18.96195,19.181820000000002,745.0,3,446,4.52e+18,STAR,-0.000197667,4016,55632,396
225.49435559999998,-0.11431690900000001,19.43974,18.09289,17.40579,17.0081,16.82082,745.0,3,446,3.49e+17,GALAXY,0.04019753,310,51990,224
145.28857649999998,0.34651158,19.22352,18.00232,17.37943,17.0111,16.76524,756.0,4,197,3e+17,GALAXY,0.06460119,266,51630,359
145.2928209,0.37632632299999996,19.31302,18.135270000000002,17.67289,17.49996,17.44187,756.0,4,197,3e+17,STAR,0.000213372,266,51630,346
145.5938073,0.27830838199999997,19.1079,18.92201,18.59314,18.47573,18.40461,756.0,4,199,3e+17,QSO,1.4047,266,51630,396
145.6372746,0.37331136299999995,19.20753,17.87736,17.30583,17.08623,16.96132,756.0,4,199,3e+17,STAR,-3.48e-05,266,51630,390
