objid,ra,dec,u,g,r,i,z,run,rerun,camcol,field,specobjid,class,redshift,plate,mjd,fiberid
1.24E+18,183.5313257,0.08969303,19.47406,17.0424,15.94699,15.50342,15.22531,752,301,4,267,3.72E+18,STAR,-8.96E-06,3306,54922,491
1.24E+18,183.5983705,0.135285032,18.6628,17.21449,16.67637,,16.3915,752,301,4,267,3.64E+17,STAR,-5.49E-05,323,51615,541
1.24E+18,183.6802074,0.126185092,19.38298,18.19169,17.47428,17.08732,16.80125,752,301,4,268,3.23E+17,GALAXY,0.1231112,287,52023,513
1.24E+18,183.8705294,0.049910685,17.76536,16.60272,16.16116,15.98233,15.90438,752,301,4,269,3.72E+18,STAR,-0.000110616,3306,54922,510
1.24E+18,183.8832883,0.102556752,17.55025,16.26342,16.43869,,16.61326,752,,4,269,3.72E+18,,0.000590357,3306,54922,512
1.24E+18,183.8471736,0.173694164,19.43133,18.46779,18.16451,18.01475,18.04155,752,301,4,269,3.65E+17,STAR,0.000314603,324,51666,594
1.24E+18,183.864379,0.019200711,19.38322,17.88995,17.10537,16.66393,16.36955,752,301,4,269,3.23E+17,GALAXY,0.1002423,287,52023,559
1.24E+18,183.9000814,0.187473297,18.97993,17.84496,17.38022,17.20673,17.07071,,301,4,269,3.72E+18,STAR,0.000314848,3306,54922,515
1.24E+18,183.9245885,0.097245782,17.90616,16.97172,16.67541,,16.47596,752,301,4,270,3.64E+17,STAR,8.91E-05,323,51615,595
1.24E+18,183.9734977,0.081625582,18.67249,17.71375,17.49362,17.28284,17.22644,752,301,4,270,3.24E+17,GALAXY,0.04050813,288,52000,400
1.24E+18,183.9791945,0.135997822,19.29772,17.80227,17.18266,16.92335,16.79928,752,301,4,270,3.72E+18,STAR,-3.46E-05,3306,54922,506
1.24E+18,184.0853311,0.112110022,18.83307,17.51785,16.94273,16.71418,16.60521,752,301,4,271,3.72E+18,STAR,0.000622774,3306,54922,547
1.24E+18,184.1020979,0.191510916,19.5625,18.19113,17.65759,17.47573,17.39203,752,301,4,271,3.72E+18,STAR,5.47E-05,3306,54922,544
1.24E+18,184.1605102,0.075645313,19.5799,17.72815,16.9874,16.68076,16.50426,752,301,4,271,3.72E+18,STAR,8.30E-06,3306,54922,546
1.24E+18,184.1895738,0.099482468,19.25667,17.54869,16.63578,16.14922,15.76639,752,301,4,271,3.24E+17,GALAXY,0.07208736,288,52000,389
1.24E+18,184.3506466,0.207229523,18.73832,18.60962,18.39696,18.31174,17.97663,752,301,4,272,3.23E+17,QSO,0.2719369,287,52023,587
1.24E+18,184.2217972,0.046955181,19.05958,18.09512,17.92766,,17.90772,752,301,4,272,3.65E+17,STAR,0.000209974,324,51666,35
1.24E+18,184.2456643,0.198257077,19.22143,19.30248,19.13823,19.11351,19.23454,752,301,4,272,3.23E+17,QSO,1.178098,287,52023,583
1.24E+18,184.3888696,0.068287428,19.04397,17.51106,16.87335,16.61114,16.48303,752,301,4,273,3.64E+17,STAR,0.000240098,323,51615,628
1.24E+18,184.3809191,0.17432277,17.81661,16.86976,16.53884,16.19576,16.08668,752,301,4,273,3.23E+17,GALAXY,0.07277206,287,52023,632
1.24E+18,184.4668531,0.111965321,19.3932,18.48274,18.16551,18.05122,18.04328,752,301,4,273,3.65E+17,STAR,-0.000270218,324,51666,623
1.24E+18,184.5694109,0.137091485,17.51339,16.41793,16.06695,15.93751,15.89478,752,301,4,274,3.24E+17,STAR,-3.55E-05,288,52000,430
1.24E+18,184.6541703,0.122673446,19.07731,18.64518,18.49678,18.52677,18.45765,752,301,4,274,3.24E+17,QSO,0.9251733,288,52000,421
1.24E+18,184.6587955,0.159935507,18.63032,17.23437,16.72749,16.51772,16.44039,752,301,4,274,2.88E+18,STAR,4.31E-06,2558,54140,356
1.24E+18,184.5168342,0.145549586,19.21684,18.29956,18.19589,18.14758,18.26658,752,301,4,274,3.72E+18,STAR,8.80E-05,3306,54922,595
1.24E+18,184.6185631,0.080576269,19.4127,17.47109,16.4987,16.06502,15.66848,752,301,4,274,3.24E+17,GALAXY,0.1167829,288,52000,437
1.24E+18,184.6274079,0.013234086,18.48543,17.339,16.90179,16.66712,16.48684,752,301,4,274,3.23E+17,,0.02129653,287,52023,637
1.24E+18,184.6767619,0.059441869,17.72835,16.19783,15.66073,15.51586,15.43615,752,301,4,275,2.88E+18,STAR,0.000175365,2558,54140,358
1.24E+18,184.7119696,0.066571901,17.70824,16.61069,16.19772,,16.00229,752,301,4,275,3.72E+18,STAR,0.00017238,3306,54922,632
1.24E+18,184.7702039,0.19801005,18.18974,17.23738,16.89113,16.75727,16.71052,752,301,4,275,2.88E+18,STAR,0.000519808,2558,54140,349
1.24E+18,184.7826977,0.140979369,19.0764,17.78953,16.98818,16.60519,16.27859,752,301,4,275,3.24E+17,GALAXY,0.1169446,288,52000,474
1.24E+18,184.7651553,0.080985794,19.18013,18.07133,17.71771,17.48797,17.55667,752,301,4,275,3.24E+17,GALAXY,0.06807999,288,52000,471
1.24E+18,184.8635981,0.143469363,18.38848,17.00188,16.37884,16.16978,16.0124,752,301,4,276,2.88E+18,STAR,0.000135947,2558,54140,341
1.24E+18,184.8641903,0.143441662,17.93407,16.64581,16.22206,16.07029,16.06046,752,301,4,276,2.89E+18,,0.000158087,2568,54153,383
1.24E+18,184.8755286,0.033060812,19.03059,18.10673,17.82561,17.71227,17.6878,752,301,4,276,2.88E+18,STAR,-0.000167378,2558,54140,355
1.24E+18,184.8763144,0.185151372,18.12978,17.17421,16.75108,,16.48527,752,301,4,276,2.88E+18,,0.000692428,2558,54140,387
1.24E+18,184.9569855,0.156360267,18.15079,16.77761,16.2215,16.02345,15.91957,752,301,4,276,2.88E+18,STAR,0.000304361,2558,54140,386
1.24E+18,184.8321997,0.044306547,19.52092,17.58562,16.4269,15.94473,15.56269,752,301,4,276,3.24E+17,GALAXY,0.1506381,288,52000,479
1.24E+18,184.9722153,0.097754241,18.90592,17.46608,16.85369,16.58687,16.41878,,301,4,277,2.88E+18,STAR,0.00057828,2558,54140,395
1.24E+18,184.9942751,0.109160933,17.7019,16.76073,16.48746,16.38173,16.33654,752,301,4,277,2.88E+18,STAR,0.000704736,2558,54140,400
1.24E+18,185.0012555,0.069723829,18.85351,17.97745,17.6112,17.45679,17.40576,752,301,4,277,4.33E+18,STAR,-0.000676195,3846,55327,160
1.24E+18,185.0650695,0.142442894,18.75478,17.58247,17.08046,16.87063,16.75911,752,301,4,277,2.88E+18,,-0.000503256,2558,54140,390
1.24E+18,185.0859131,0.099953851,18.33616,17.30684,16.92903,16.78272,16.73807,752,301,4,277,2.88E+18,STAR,7.61E-05,2558,54140,397
1.24E+18,185.0273854,0.095346099,19.1713,18.01316,17.42493,,16.82237,752,301,4,277,3.24E+17,GALAXY,0.1183854,288,52000,496
1.24E+18,185.0363883,0.17667755,19.12083,17.92189,17.18494,16.7895,16.52258,752,301,4,277,3.24E+17,GALAXY,0.1575296,288,52000,514
1.24E+18,185.1643757,0.074358069,17.55001,17.42367,17.35734,17.19343,16.97589,752,301,4,278,3.24E+17,QSO,2.044347,288,52000,516
1.24E+18,185.2170514,0.155193816,18.89707,18.04519,17.7501,17.6378,17.6124,752,301,4,278,2.88E+18,STAR,0.000250291,2558,54140,431
1.24E+18,185.1367288,0.071514063,19.48347,17.51522,16.31651,15.83499,15.4368,752,301,4,278,3.24E+17,GALAXY,0.1585163,288,52000,502
1.24E+18,185.2306077,0.010099581,19.31764,18.38629,18.12009,17.9998,17.93916,752,301,4,278,2.89E+18,STAR,0.000576704,2568,54153,270
1.24E+18,185.3772509,0.200803727,17.964,16.39632,15.74191,15.4828,15.32453,752,,4,279,2.88E+18,STAR,0.000349798,2558,54140,422
1.24E+18,159.6249648,-0.62071445,19.19383,18.20278,17.90109,17.77634,17.74759,756,301,2,293,4.25E+18,STAR,-0.000256492,3771,55544,664
1.24E+18,159.7978416,-0.557196466,19.19752,18.07471,17.76889,17.6148,17.49577,,301,2,294,3.09E+17,GALAXY,0.02335118,274,51913,229
1.24E+18,159.8033022,-0.535038616,19.26627,18.16093,17.59907,17.2172,17.06311,756,301,2,294,3.09E+17,,0.1236402,274,51913,221
1.24E+18,159.8475235,-0.5342664,19.38251,17.92302,17.11018,16.66492,16.34558,756,301,2,294,3.09E+17,GALAXY,0.1141676,274,51913,186
1.24E+18,159.9393455,-0.609184323,19.48702,18.51823,18.18637,18.06704,18.05865,756,301,2,295,4.32E+18,STAR,0.000790241,3833,55290,98
1.24E+18,160.0342636,-0.421625751,19.2634,17.67693,16.82551,16.42307,16.13864,756,301,2,295,3.09E+17,GALAXY,0.1330486,274,51913,198
1.24E+18,160.0351619,-0.599992669,19.31866,18.27407,17.74884,17.41618,17.24165,756,301,2,295,3.09E+17,GALAXY,0.07470067,274,51913,184
1.24E+18,160.1442091,-0.489329778,18.73682,17.65075,17.23958,17.07875,17.03255,756,301,2,296,3.09E+17,STAR,0.000106767,274,51913,164
1.24E+18,160.119405,-0.61813005,19.29416,17.97134,17.26079,16.86013,16.56031,756,301,2,296,3.09E+17,GALAXY,0.08692535,274,51913,163
1.24E+18,160.2275468,-0.433199867,19.48611,17.93822,17.21548,16.82853,16.53911,756,301,2,297,3.10E+17,GALAXY,0.1335348,275,51910,301
1.24E+18,160.2486687,-0.579992361,19.31804,17.30973,16.17525,15.69015,15.31261,756,301,2,297,3.10E+17,GALAXY,0.1370104,275,51910,291
1.24E+18,160.3831151,-0.459235231,19.29157,17.3125,16.17862,15.70898,15.31378,756,301,2,298,3.10E+17,GALAXY,0.1373722,275,51910,314
1.24E+18,160.3848058,-0.586704796,19.52565,19.29625,18.95885,18.52108,18.57694,756,301,2,298,3.10E+17,QSO,0.1346428,275,51910,281
1.24E+18,160.4339517,-0.608481498,19.38467,18.59734,18.12431,,17.63823,756,301,2,298,3.10E+17,GALAXY,0.1321922,275,51910,300
1.24E+18,160.4436424,-0.600549712,18.27173,17.0717,16.65145,16.39055,16.27766,756,301,2,298,3.09E+17,GALAXY,0.03641907,274,51913,144
1.24E+18,160.4534919,-0.617038417,19.10892,17.76311,16.91794,16.47233,16.19134,756,301,2,298,3.09E+17,GALAXY,0.1383506,274,51913,154
1.24E+18,160.6582067,-0.439603952,17.78707,16.12342,15.48934,15.2674,15.14027,,301,2,299,2.88E+18,STAR,0.000149526,2559,54208,311
1.24E+18,160.6754542,-0.559791088,17.54073,15.83706,15.15225,14.91498,14.82364,756,301,2,300,2.88E+18,STAR,0.000236645,2559,54208,320
1.24E+18,160.7170039,-0.609533502,18.44119,17.54684,17.27727,17.1878,17.20361,756,301,2,300,2.88E+18,,-0.000114203,2559,54208,285
1.24E+18,160.7303546,-0.521740212,19.13281,17.80045,17.2643,17.07242,16.98861,756,301,2,300,2.88E+18,STAR,0.000186468,2559,54208,314
1.24E+18,160.8121077,-0.520466085,19.42387,18.24594,18.31933,18.40867,18.52614,756,301,2,300,2.89E+18,STAR,0.000830783,2569,54234,313
1.24E+18,160.8166374,-0.557673714,17.95812,16.9013,16.52805,16.39926,16.37399,756,301,2,300,2.69E+18,STAR,-7.66E-05,2389,54213,312
1.24E+18,160.8202892,-0.52224098,16.344,14.85487,14.29812,14.12055,14.08315,756,301,2,300,2.88E+18,STAR,-4.79E-05,2559,54208,313
1.24E+18,160.7014882,-0.445422709,19.34314,18.12056,17.55584,17.19446,16.9961,756,301,2,300,3.10E+17,GALAXY,0.08592108,275,51910,261
1.24E+18,160.8486802,-0.627079872,17.73398,16.84657,16.57527,16.48237,16.4738,756,301,2,301,2.88E+18,STAR,0.000700168,2559,54208,300
1.24E+18,160.93824,-0.423246618,17.37104,15.78487,14.98982,14.58674,14.25872,756,301,2,301,3.10E+17,GALAXY,0.03910941,275,51910,263
1.24E+18,160.936366,-0.421334413,19.51073,18.05851,17.59638,17.33996,17.29404,756,301,2,301,3.09E+17,GALAXY,0.03917867,274,51913,65
1.24E+18,160.8619387,-0.422734986,19.44424,18.23033,17.64066,17.2346,17.04825,756,301,2,301,3.10E+17,,0.1273446,275,51910,267
1.24E+18,160.878832,-0.584109529,19.11186,17.90859,17.40774,,17.05761,756,301,2,301,3.09E+17,GALAXY,0.0190457,274,51913,70
1.24E+18,160.9913453,-0.507477148,18.6673,16.70426,15.81967,15.40313,15.06115,756,301,2,302,3.10E+17,GALAXY,0.05955937,275,51910,265
1.24E+18,160.9953137,-0.478531394,19.04517,17.87662,17.49664,17.37287,17.33316,756,301,2,302,3.10E+17,STAR,6.10E-05,275,51910,268
1.24E+18,160.9977374,-0.468998759,17.94459,16.51015,15.8354,15.40969,15.10252,756,301,2,302,3.09E+17,GALAXY,0.06012432,274,51913,69
1.24E+18,161.0084679,-0.57896477,17.3725,16.25937,15.88727,15.75644,15.71021,756,301,2,302,2.88E+18,STAR,-0.000187248,2559,54208,301
1.24E+18,161.0623439,-0.494714915,16.45379,15.02962,14.56318,14.40143,14.359,756,301,2,302,2.88E+18,STAR,-4.96E-05,2559,54208,265
1.24E+18,161.0900299,-0.612438382,19.26927,18.24939,17.96535,17.83665,17.80351,756,301,2,302,2.89E+18,STAR,0.000899142,2569,54234,262
1.24E+18,161.094801,-0.452049786,17.8271,16.23793,15.67866,15.49427,15.41664,756,301,2,302,2.88E+18,STAR,-7.84E-05,2559,54208,267
1.24E+18,161.115243,-0.575633407,17.88776,16.52607,16.03367,15.85057,15.80518,756,301,2,302,2.69E+18,STAR,0.000107983,2389,54213,268
1.24E+18,160.9911005,-0.561372535,19.58396,17.64963,16.73063,16.29203,15.94702,756,301,2,302,3.10E+17,GALAXY,0.06164807,275,51910,251
1.24E+18,160.9981591,-0.588311672,18.1781,16.13568,15.28753,14.89827,14.56479,756,301,2,302,3.09E+17,GALAXY,0.06063098,274,51913,26
1.24E+18,160.996765,-0.588244892,18.38625,16.39808,15.40492,14.88012,14.50048,756,301,2,302,3.10E+17,GALAXY,0.06067357,275,51910,255
1.24E+18,161.0643247,-0.484587014,18.77188,17.15955,16.35564,15.94145,15.65799,756,301,2,302,3.09E+17,GALAXY,0.0603932,274,51913,34
1.24E+18,161.1335288,-0.569857253,16.63374,15.54072,15.18744,15.06259,15.03905,756,301,2,303,2.88E+18,STAR,0.000450099,2559,54208,261
1.24E+18,161.1805844,-0.456397413,17.14849,15.83151,15.35753,15.18887,15.12737,756,301,2,303,2.88E+18,STAR,0.000161562,2559,54208,269
1.24E+18,161.2107488,-0.433373886,16.23113,15.20485,14.95443,14.8674,14.86301,756,301,2,303,2.88E+18,STAR,-0.000111743,2559,54208,277
1.24E+18,161.2265355,-0.470463619,18.56268,17.14623,16.5559,16.29699,16.157,756,301,2,303,2.88E+18,STAR,0.000657249,2559,54208,279
1.24E+18,161.255471,-0.531927477,17.47383,16.41803,16.07634,15.96205,15.90247,756,301,2,303,2.88E+18,STAR,-0.000287019,2559,54208,228
1.24E+18,161.1426397,-0.434574053,19.38031,18.07652,17.34212,16.86341,16.50079,756,301,2,303,3.09E+17,GALAXY,0.08483262,274,51913,28
1.24E+18,161.1642017,-0.434453905,19.05616,17.70945,16.99192,,16.26619,756,301,2,303,3.10E+17,GALAXY,0.08539017,275,51910,276
1.24E+18,161.1736817,-0.503545461,18.95158,17.47266,16.70008,16.29777,15.99012,,301,2,303,3.10E+17,GALAXY,0.1161265,275,51910,270
1.24E+18,161.0737895,-0.89274034,19.11236,17.92701,17.42347,17.0868,16.83476,756,301,1,302,3.10E+17,GALAXY,0.03869415,275,51910,211
1.24E+18,161.0244718,-0.962380281,18.86752,17.33773,16.80683,16.55789,16.38996,756,301,1,302,3.10E+17,GALAXY,0.02655639,275,51910,245
1.24E+18,161.1941229,-1.023623943,18.95785,18.08318,17.78178,17.65689,17.61821,756,301,1,303,2.88E+18,STAR,0.00088935,2559,54208,256
1.24E+18,161.238814,-0.840751357,17.80041,16.46003,15.90095,15.66963,15.53772,756,301,1,303,2.88E+18,STAR,0.000386423,2559,54208,298
1.24E+18,161.2480303,-0.958166789,18.76266,17.25724,16.68513,16.47563,16.38993,756,301,1,303,2.88E+18,STAR,0.00018398,2559,54208,260
1.24E+18,161.2734198,-0.996668901,16.82701,15.30022,14.73089,14.5436,14.44859,756,301,1,304,2.88E+18,STAR,3.98E-05,2559,54208,259
1.24E+18,161.3031007,-0.964276286,19.01558,17.72445,17.18152,16.97813,16.85652,756,301,1,304,2.69E+18,STAR,0.000365554,2389,54213,243
1.24E+18,161.3075532,-1.046361578,17.72604,17.4621,17.24036,17.21479,17.09174,756,301,1,304,4.26E+18,QSO,0.9693318,3786,55563,594
1.24E+18,161.3076233,-0.922529503,18.6769,17.78154,17.52458,17.42232,17.38025,756,301,1,304,2.88E+18,STAR,0.000182587,2559,54208,244
1.24E+18,161.3506918,-0.893119394,18.12173,16.84951,16.38322,16.20272,16.10719,756,301,1,304,2.69E+18,STAR,0.00023867,2389,54213,244
1.24E+18,161.3585111,-1.020013399,18.68765,18.61862,18.59058,18.50573,18.31973,756,,1,304,3.10E+17,QSO,2.093151,275,51910,215
1.24E+18,161.4256487,-0.991083327,18.82957,17.93844,17.56125,17.39783,17.33559,756,301,1,305,2.88E+18,STAR,0.000356511,2559,54208,252
1.24E+18,161.4407033,-0.974533129,17.56939,16.61339,16.2723,16.13031,16.0821,756,301,1,305,2.88E+18,STAR,0.000332482,2559,54208,210
1.24E+18,161.4871696,-0.879257492,19.56237,17.59451,16.7141,16.29138,15.95551,756,301,1,305,3.10E+17,GALAXY,0.08621725,275,51910,129
1.24E+18,161.5643091,-1.017804433,19.56588,18.63518,18.09855,17.7029,17.48965,756,301,1,305,3.10E+17,GALAXY,0.06744873,275,51910,122
1.24E+18,161.5783055,-0.856035602,18.45709,17.05875,16.56312,16.35972,16.28534,756,301,1,306,2.88E+18,STAR,0.000291299,2559,54208,211
1.24E+18,161.6803789,-0.875843442,18.0872,16.64009,16.17627,15.98626,15.92437,756,301,1,306,2.69E+18,STAR,6.27E-05,2389,54213,212
1.24E+18,161.6933527,-0.923690302,18.20489,17.12961,16.79656,16.62952,16.57625,,301,1,306,2.88E+18,STAR,0.000995929,2559,54208,213
1.24E+18,161.6351321,-0.855769711,19.39882,18.3913,17.85607,17.46761,17.32818,756,301,1,306,3.10E+17,GALAXY,0.150701,275,51910,138
1.24E+18,161.7379245,-1.015841899,17.46669,16.36004,15.87807,15.65679,15.56303,756,301,1,307,2.88E+18,STAR,0.000695604,2559,54208,123
1.24E+18,161.7416796,-0.987110454,17.66388,18.01819,18.96769,18.32366,16.18336,756,301,1,307,4.26E+18,STAR,5.17E-05,3786,55563,749
1.24E+18,161.7416467,-0.846029366,17.70241,17.84848,18.15799,18.38987,18.71965,756,301,1,307,2.71E+18,STAR,5.78E-05,2409,54210,230
1.24E+18,161.7408913,-0.97987371,18.53678,17.96047,17.373,,17.18247,756,301,1,307,3.10E+17,GALAXY,0.03981317,275,51910,136
1.24E+18,161.8112567,-1.020950417,19.28844,17.89368,17.29176,17.05897,16.92672,756,301,1,307,2.69E+18,STAR,-0.000138961,2389,54213,129
1.24E+18,161.8815501,-0.919919301,17.5803,15.91818,15.3324,15.12888,15.04031,756,301,1,308,2.69E+18,STAR,7.93E-05,2389,54213,137
1.24E+18,161.9354758,-0.950524205,17.58302,16.1223,15.61429,15.4367,15.37343,756,301,1,308,2.88E+18,STAR,9.74E-05,2559,54208,121
1.24E+18,161.8843346,-0.944497872,18.97204,17.9849,17.66618,17.43481,17.32352,,301,1,308,3.10E+17,GALAXY,0.05151358,275,51910,81
1.24E+18,162.047298,-0.840633793,17.07819,15.49603,14.84319,14.54306,14.38931,756,301,1,309,2.88E+18,STAR,0.000543499,2559,54208,132
1.24E+18,162.0813465,-0.941748913,19.43337,18.54425,18.21197,18.07626,17.99902,756,301,1,309,4.32E+18,STAR,0.000586336,3834,56014,50
1.24E+18,162.098584,-0.914676301,18.30903,17.08338,16.65224,16.48205,16.39475,756,301,1,309,2.88E+18,STAR,0.000117847,2559,54208,133
1.24E+18,162.1200426,-0.96306428,18.2861,18.11478,18.14232,18.02426,18.03402,756,301,1,309,3.10E+17,QSO,1.741678,275,51910,51
1.24E+18,162.1613267,-1.041705966,16.67229,15.52946,15.16349,15.04075,15.00277,756,301,1,309,2.88E+18,STAR,5.17E-05,2559,54208,84
1.24E+18,162.177631,-1.007117476,18.04392,16.98619,16.67233,16.54937,16.49476,756,301,1,310,2.69E+18,STAR,0.000264481,2389,54213,86
1.24E+18,162.19974,-1.01466107,18.85257,17.86745,17.55789,17.43459,17.38357,756,301,1,310,2.69E+18,STAR,-5.87E-07,2389,54213,88
1.24E+18,162.2248113,-0.987748767,16.86535,15.81168,15.47238,15.32898,15.27367,756,301,1,310,2.88E+18,STAR,0.000274919,2559,54208,88
1.24E+18,162.2465655,-0.918542011,17.71105,16.34725,15.83003,15.60209,15.47698,756,301,1,310,2.69E+18,STAR,-0.00045622,2389,54213,90
1.24E+18,162.305639,-1.003780829,19.18404,19.1997,19.1041,18.78402,18.68743,756,301,1,310,3.10E+17,QSO,2.006571,275,51910,8
1.24E+18,162.2042136,-0.987362487,17.80165,16.61996,16.1181,15.85237,15.64157,756,301,1,310,3.10E+17,GALAXY,0.02614697,275,51910,41
1.24E+18,162.289475,-0.908548805,18.66761,16.83642,15.95352,15.51473,15.16474,756,301,1,310,3.11E+17,GALAXY,0.03804233,276,51909,287
1.24E+18,162.3337182,-1.001236825,18.45831,17.09308,16.55146,16.36101,16.27274,756,301,1,311,2.88E+18,STAR,0.00038865,2559,54208,90
1.24E+18,162.3451997,-0.846905435,19.45426,17.49314,16.74405,16.50129,16.34002,756,301,1,311,2.69E+18,STAR,0.000164115,2389,54213,93
1.24E+18,162.4100525,-0.974669972,17.57672,16.30313,15.82177,15.6353,15.5685,756,301,1,311,2.88E+18,STAR,0.000326733,2559,54208,87
1.24E+18,162.4063775,-0.907118295,18.41814,17.17549,16.63656,16.31784,16.1021,756,301,1,311,3.11E+17,GALAXY,0.03836371,276,51909,282
1.24E+18,162.4924287,-1.037511669,19.16261,17.45277,16.81324,16.56124,16.44654,756,301,1,312,2.69E+18,STAR,7.82E-05,2389,54213,53
1.24E+18,162.588828,-0.87201293,17.37496,16.06552,15.63478,15.48339,15.42321,756,301,1,312,2.69E+18,STAR,5.26E-05,2389,54213,58
1.24E+18,162.5862969,-0.873837222,18.81535,16.69037,15.70883,15.31833,14.85697,756,301,1,312,3.11E+17,GALAXY,0.1074627,276,51909,300
1.24E+18,162.5985101,-0.990873937,18.02848,16.65369,16.06824,15.82721,15.70943,756,301,1,312,2.69E+18,STAR,-3.76E-05,2389,54213,43
1.24E+18,162.6110238,-0.890844709,17.33813,15.96866,15.49672,15.33282,15.27834,756,301,1,312,2.69E+18,STAR,-4.71E-05,2389,54213,55
1.24E+18,162.5471497,-1.002056509,19.48367,18.1998,17.55522,17.15322,16.93752,756,301,1,312,3.10E+17,GALAXY,0.1045614,275,51910,7
1.24E+18,162.6673956,-0.900916547,16.52364,15.40187,15.08259,14.97577,14.95088,756,301,1,313,2.88E+18,STAR,0.000263051,2559,54208,58
1.24E+18,218.7291721,0.458112049,16.97457,15.7859,15.32505,15.16091,15.08877,752,301,5,502,3.46E+17,STAR,-5.70E-06,307,51663,391
1.24E+18,218.8321711,0.47572999,16.75927,15.62012,15.041,14.71669,14.44965,752,301,5,503,3.45E+17,GALAXY,0.02956719,306,51637,599
1.24E+18,219.083277,0.576226173,18.70255,17.71797,17.34371,17.17482,17.1185,752,301,5,504,3.45E+17,STAR,2.47E-05,306,51637,625
1.24E+18,219.1969133,0.627944731,19.54733,18.17471,17.46927,17.09822,16.84518,752,301,5,505,3.46E+17,GALAXY,0.1097059,307,51663,426
1.24E+18,219.1376572,0.432899037,19.20287,16.59277,15.70658,15.25103,14.89744,752,301,5,505,3.46E+17,GALAXY,0.07221484,307,51663,425
1.24E+18,219.2504009,0.564754111,19.07784,18.06951,17.70663,17.49811,17.31405,,301,5,506,6.04E+17,GALAXY,0.03472417,536,52024,209
1.24E+18,219.5617663,0.547663882,19.06822,17.80601,17.33803,17.16516,17.09147,752,301,5,508,3.46E+17,STAR,-2.66E-05,307,51663,461
1.24E+18,219.5819712,0.471852739,18.56313,18.53411,18.38498,18.37235,18.3623,752,301,5,508,3.46E+17,QSO,1.257948,307,51663,467
1.24E+18,219.582247,0.595887057,17.89559,16.71264,16.2921,16.1399,16.07841,752,301,5,508,3.46E+17,STAR,7.05E-05,307,51663,462
1.24E+18,219.5886352,0.510878933,19.14528,18.19967,17.89295,17.78337,17.73488,752,301,5,508,4.53E+18,STAR,-0.000276482,4025,55350,920
1.24E+18,219.6611664,0.569298323,19.47595,18.6116,18.52926,18.76056,18.28581,752,301,5,508,3.46E+17,STAR,-0.000385041,307,51663,468
1.24E+18,219.6651858,0.441050803,19.29275,19.02275,18.92752,18.85194,18.76428,752,301,5,508,3.46E+17,QSO,1.971239,307,51663,464
1.24E+18,219.7797727,0.508632556,17.27438,16.14879,15.72019,15.48375,15.35073,752,301,5,509,3.46E+17,GALAXY,0.03325611,307,51663,487
1.24E+18,219.9387246,0.531203465,18.9146,17.67455,16.96098,16.57482,16.29057,752,301,5,510,3.46E+17,GALAXY,0.116515,307,51663,508
1.24E+18,220.1224112,0.584089432,16.93221,15.56652,14.92086,14.58185,14.3252,752,301,5,511,3.46E+17,GALAXY,0.03717615,307,51663,541
1.24E+18,220.1776293,0.606597158,18.73475,17.79811,17.46425,17.34566,17.29465,752,301,5,512,4.53E+18,STAR,0.000255278,4022,55352,554
1.24E+18,220.1815105,0.464743603,19.5796,17.68983,16.74287,16.33313,16.0111,752,301,5,512,3.46E+17,GALAXY,0.1092154,307,51663,582
1.24E+18,220.2475691,0.561580939,19.33625,17.34765,16.35417,15.91167,15.58279,752,,5,512,3.46E+17,GALAXY,0.1087394,307,51663,590
1.24E+18,220.5992691,0.61894204,18.37159,16.28451,15.44592,15.16673,15.01227,752,301,5,515,3.47E+17,STAR,-7.05E-05,308,51662,330
1.24E+18,220.6831889,0.598384718,19.28787,17.52747,16.75908,16.41961,16.23461,752,301,5,515,3.30E+18,STAR,-4.11E-06,2934,54626,351
1.24E+18,220.6841228,0.454116001,18.44022,18.02603,17.97474,18.0135,18.12117,752,301,5,515,3.30E+18,STAR,-5.16E-05,2934,54626,342
1.24E+18,220.7117312,0.461338753,19.26163,17.71671,17.12826,16.89513,16.79474,752,301,5,515,3.28E+18,STAR,-0.000233312,2909,54653,343
1.24E+18,220.7243306,0.502230386,18.72794,17.20167,16.65129,16.43697,16.32,752,301,5,515,3.28E+18,STAR,-0.000133688,2909,54653,342
1.24E+18,220.7765893,0.561814348,19.24336,17.86197,17.30386,17.06635,16.94732,752,301,5,516,3.30E+18,STAR,-0.000180286,2934,54626,353
1.24E+18,220.8054143,0.589285246,19.57003,17.3458,16.40484,16.05693,15.8713,752,301,5,516,3.30E+18,STAR,-0.00015097,2934,54626,344
1.24E+18,220.8102039,0.632124422,19.49442,17.99958,17.41921,17.21484,17.10793,752,301,5,516,3.28E+18,STAR,-0.000134868,2909,54653,333
1.24E+18,220.9195257,0.513809061,19.03802,17.42171,16.71644,16.41698,16.23746,752,301,5,517,3.30E+18,STAR,7.80E-05,2934,54626,385
1.24E+18,221.0127141,0.463478571,18.75202,17.90223,17.58861,17.45896,17.41188,752,301,5,517,3.28E+18,STAR,-0.00052212,2909,54653,388
1.24E+18,221.0113376,0.538007926,19.43955,18.52889,18.24026,18.13412,18.05673,752,301,5,517,4.53E+18,STAR,-0.000247798,4022,55352,756
1.24E+18,221.0417383,0.564546475,18.7746,17.64604,17.22892,17.07624,17.01672,752,301,5,518,3.46E+17,STAR,4.98E-05,307,51663,626
1.24E+18,221.0641256,0.587618415,17.98792,16.4793,15.89139,15.68964,15.57897,752,301,5,518,3.28E+18,STAR,-9.23E-05,2909,54653,338
1.24E+18,221.1327369,0.436973652,18.21947,16.94176,16.4855,16.34868,16.28067,752,301,5,518,3.30E+18,STAR,9.98E-05,2934,54626,424
1.24E+18,221.1528564,0.451438122,18.72254,17.38212,16.82234,16.65747,16.55055,752,301,5,518,3.28E+18,STAR,-1.00E-05,2909,54653,386
1.24E+18,221.1632802,0.483958452,17.88442,16.96119,16.64287,16.53269,16.48384,752,301,5,518,3.30E+18,STAR,3.19E-05,2934,54626,432
1.24E+18,221.2272293,0.451146308,18.60544,17.67091,17.41983,17.32616,17.2992,752,301,5,519,3.28E+18,STAR,-0.000504086,2909,54653,389
1.24E+18,221.2572581,0.476426183,17.59142,16.66143,16.42614,16.34742,16.32363,752,301,5,519,3.28E+18,STAR,-0.000743644,2909,54653,382
1.24E+18,221.2637264,0.526978719,17.00244,15.55892,14.93361,14.58515,14.32871,752,301,5,519,3.47E+17,GALAXY,0.02873155,308,51662,465
1.24E+18,221.2678582,0.436562846,19.51547,18.58734,18.33786,18.23523,18.24343,752,301,5,519,3.30E+18,STAR,0.000255486,2934,54626,429
1.24E+18,221.2777376,0.49473218,19.25605,18.11174,17.34868,16.93481,16.68558,752,301,5,519,3.47E+17,GALAXY,0.1098084,308,51662,469
1.24E+18,221.3649932,0.454014692,17.52671,16.10266,15.5727,15.35048,15.24569,752,301,5,520,3.28E+18,STAR,0.000836224,2909,54653,425
1.24E+18,221.4417135,0.581083659,18.04508,16.81564,16.39389,16.24002,16.18995,752,301,5,520,3.28E+18,,0.000249663,2909,54653,376
1.24E+18,221.4984006,0.597512281,17.43719,16.50009,16.13932,16.01473,15.95873,,301,5,521,3.28E+18,STAR,0.000166582,2909,54653,414
1.24E+18,221.5338532,0.623223399,16.26559,15.31763,15.03526,14.92372,14.86764,752,301,5,521,3.28E+18,STAR,0.000397916,2909,54653,416
1.24E+18,221.5625405,0.580158773,17.14242,15.63551,15.02396,14.78998,14.65014,752,301,5,521,3.28E+18,STAR,-0.000196452,2909,54653,415
1.24E+18,221.5957744,0.528211211,18.18575,16.91729,16.98115,17.01807,17.02806,752,301,5,521,3.28E+18,STAR,-0.000381969,2909,54653,427
1.24E+18,221.5958569,0.480183884,19.23104,18.20884,17.89136,17.78259,17.75736,752,301,5,521,3.30E+18,STAR,0.000249086,2934,54626,469
1.24E+18,221.5173497,0.501690543,19.33756,17.0609,16.05876,15.67662,15.44594,752,301,5,521,3.30E+18,STAR,2.57E-05,2934,54626,470
1.24E+18,221.6858026,0.541573251,18.76614,17.47334,16.93288,16.72206,16.60205,752,301,5,522,3.30E+18,,-9.47E-05,2934,54626,488
1.24E+18,221.6930663,0.430141182,18.2921,17.17186,17.38653,17.5653,17.6834,752,301,5,522,3.28E+18,STAR,-0.000177157,2909,54653,469
1.24E+18,221.7061314,0.528685833,19.37555,18.27386,17.7944,17.60329,17.50417,752,301,5,522,3.28E+18,STAR,-0.000211658,2909,54653,462
1.24E+18,121.8207518,0.93199037,19.37035,17.34262,16.35286,15.924,15.58903,308,301,5,104,5.34E+18,GALAXY,0.1019929,4745,55892,975
1.24E+18,122.0878999,0.843146891,19.05249,17.03777,16.07633,15.63148,15.31245,308,301,5,105,5.34E+18,,0.1015328,4745,55892,18
1.24E+18,122.8639945,0.896150822,18.20631,16.89692,16.46658,16.31574,16.28902,308,301,5,110,2.32E+18,STAR,0.00048813,2057,53816,354
1.24E+18,122.9819452,0.96385693,17.63113,16.55926,16.24861,16.14775,16.13221,308,,5,111,2.34E+18,STAR,0.000132041,2077,53846,328
1.24E+18,122.988638,0.973742938,15.99172,14.98865,14.70003,14.64919,14.50626,308,301,5,111,2.32E+18,STAR,9.27E-05,2057,53816,352
1.24E+18,122.9356354,0.899085529,19.37706,18.44093,18.24528,18.19469,18.17668,308,301,5,111,2.34E+18,STAR,0.000452989,2077,53846,321
1.24E+18,123.0393857,0.930070447,16.73877,15.68268,15.43654,15.38572,15.40208,308,301,5,112,2.32E+18,STAR,0.000128369,2057,53816,341
1.24E+18,123.0202645,0.911874556,16.37119,15.28426,15.05225,14.98734,15.0114,308,301,5,112,2.32E+18,STAR,5.72E-05,2057,53816,357
1.24E+18,123.0165354,0.848145359,19.52481,18.21796,17.68045,17.46177,17.37293,308,301,5,112,2.32E+18,STAR,1.72E-05,2057,53816,355
1.24E+18,123.2025005,0.905129931,18.6522,17.52927,17.53732,17.58253,17.67018,308,301,5,113,2.32E+18,STAR,-0.000242254,2057,53816,392
1.24E+18,123.2678952,0.960993455,16.63293,15.27509,14.61367,14.50841,14.27292,308,301,5,113,2.32E+18,STAR,-5.54E-05,2057,53816,398
1.24E+18,123.3488072,0.922523639,16.14538,15.07947,14.84144,14.77282,14.78681,308,301,5,114,2.32E+18,STAR,0.000239212,2057,53816,381
1.24E+18,123.4261304,0.881883846,17.84565,16.82412,16.49827,16.38742,16.35545,308,301,5,114,2.32E+18,,0.000146998,2057,53816,391
1.24E+18,123.5879603,0.919738666,17.75484,16.59773,16.53687,16.56253,16.61154,308,301,5,115,2.32E+18,STAR,-7.06E-06,2057,53816,388
1.24E+18,123.5452677,0.931392114,19.3623,18.1918,17.81977,17.69313,17.61249,308,301,5,115,1.29E+18,STAR,0.000235469,1149,53003,532
1.24E+18,123.6127771,0.948787095,18.97095,17.07911,16.13754,15.65789,15.34548,308,301,5,115,5.39E+18,GALAXY,0.06836422,4788,55889,888
1.24E+18,123.6735605,0.861348537,16.48326,15.04494,15.04021,14.29518,14.18345,308,301,5,116,2.32E+18,STAR,0.000224322,2057,53816,438
1.24E+18,123.7430415,1.006398633,18.98689,17.09758,16.18773,15.7323,15.46169,308,301,5,116,5.39E+18,GALAXY,0.09046602,4788,55889,892
1.24E+18,110.0700392,1.218734691,19.42591,18.42443,18.00135,17.79079,17.70945,308,301,6,25,8.39E+18,STAR,0.000104138,7450,56722,705
1.24E+18,110.2464537,1.364871806,18.58476,17.2945,16.42206,16.27426,15.89856,308,301,6,26,8.39E+18,STAR,0.000391139,7450,56722,786
1.24E+18,110.2753731,1.407069681,19.44881,17.06147,16.09691,15.75754,15.58153,308,301,6,26,8.39E+18,STAR,0.000127138,7450,56722,782
1.24E+18,110.2730305,1.424806619,19.58554,17.76914,16.91808,16.55439,16.34465,308,301,6,26,8.39E+18,,9.15E-05,7450,56722,781
1.24E+18,110.4555313,1.254180245,19.58684,17.73149,16.96642,16.67645,16.4914,308,301,6,28,8.39E+18,STAR,0.00034609,7450,56722,829
1.24E+18,110.4698503,1.228434849,19.42571,17.78678,17.11364,16.85967,16.67854,308,301,6,28,8.39E+18,STAR,0.000182417,7450,56722,830
1.24E+18,110.7306996,1.289661343,18.36269,16.79013,16.16286,15.91035,15.78032,308,301,6,29,8.39E+18,STAR,0.000170339,7450,56722,942
1.24E+18,119.8221026,1.324423012,19.11461,17.11108,16.35578,16.07985,15.94747,308,301,6,90,8.39E+18,STAR,0.000258839,7451,56739,702
1.24E+18,119.9972972,1.295618869,19.25602,17.7522,17.28004,17.11725,17.12696,308,301,6,91,8.39E+18,STAR,0.000270987,7451,56739,746
1.24E+18,120.124148,1.311372513,18.68312,16.80078,16.12189,15.88605,15.78726,308,301,6,92,8.39E+18,,0.000208869,7451,56739,782
1.24E+18,120.194987,1.339231727,19.13375,17.84091,17.37001,17.20419,17.1407,308,301,6,93,8.39E+18,STAR,0.000275159,7451,56739,785
1.24E+18,120.2980709,1.359265937,19.41101,17.17151,16.17792,15.78271,15.51502,308,301,6,93,8.39E+18,STAR,0.000391232,7451,56739,824
1.24E+18,120.5478185,1.281227451,19.17278,17.30439,16.63581,16.43598,16.35109,308,301,6,95,8.39E+18,STAR,-6.64E-05,7451,56739,872
1.24E+18,244.5764969,-1.255263413,19.29697,18.08211,17.20792,16.74347,16.43762,727,301,1,74,3.90E+17,GALAXY,0.1272051,346,51693,133
1.24E+18,243.907446,0.00239456,18.71962,17.45311,16.88231,16.54723,16.2756,727,301,4,70,3.90E+17,GALAXY,0.06540032,346,51693,237
1.24E+18,244.1023322,0.002619598,19.35342,18.11187,17.45305,17.10616,16.88711,727,301,4,71,3.90E+17,GALAXY,0.07115377,346,51693,181
1.24E+18,243.3470265,0.424137063,19.25923,18.84224,18.85939,18.69218,18.76842,727,301,5,66,3.89E+17,QSO,0.5894275,345,51690,590
1.24E+18,174.1644883,-0.956707465,19.57255,18.59834,18.47911,18.45792,18.60459,745,301,1,103,3.18E+17,STAR,0.001135097,282,51658,94
1.24E+18,239.3606352,-0.916689727,19.23879,17.49932,16.53521,16.09223,15.76121,745,301,1,538,3.86E+17,GALAXY,0.03969949,343,51692,129
1.24E+18,239.40207,-0.975878752,18.67422,17.42511,16.89116,16.67803,16.57392,745,301,1,539,3.86E+17,STAR,-0.000143192,343,51692,121
1.24E+18,243.567524,-0.880445873,18.83577,17.25845,16.54556,16.13434,15.83491,745,301,1,567,3.88E+17,GALAXY,0.07050942,345,51690,19
1.24E+18,243.7088761,-0.915652961,17.61482,15.69639,14.77024,14.31876,13.95353,745,,1,568,3.90E+17,GALAXY,0.0307668,346,51693,291
1.24E+18,243.8473685,-0.898343247,19.41207,18.88776,18.56437,18.58996,18.3926,745,301,1,568,3.90E+17,QSO,1.06284,346,51693,256
1.24E+18,244.1624119,-0.889893127,18.99412,17.90879,17.46466,17.28111,17.20599,745,301,1,571,3.90E+17,STAR,-0.000178635,346,51693,251
1.24E+18,244.5126642,-0.934182657,19.14963,18.00378,17.4657,17.1376,16.90036,745,301,1,573,3.90E+17,GALAXY,0.04402394,346,51693,206
1.24E+18,244.8139448,-0.937774714,18.7809,19.0767,19.45117,19.74457,20.02123,745,301,1,575,3.90E+17,STAR,0.000609734,346,51693,99
1.24E+18,244.9490533,-0.894234904,19.15965,18.91703,18.61517,18.38544,18.42006,745,301,1,576,3.90E+17,QSO,1.496161,346,51693,90
1.24E+18,245.4938873,-0.903742395,17.33854,16.27237,15.90035,15.75182,15.69667,745,301,1,579,3.90E+17,STAR,-0.000872277,346,51693,2
1.24E+18,245.3593715,-0.905392886,19.38219,18.20107,17.8056,17.4992,17.41172,745,301,1,579,4.10E+17,GALAXY,0.06565089,364,52000,294
1.24E+18,245.4176593,-0.855605136,19.2266,17.27751,16.39126,15.95711,15.61498,745,301,1,579,4.10E+17,GALAXY,0.04565,364,52000,281
1.24E+18,245.4760412,-0.85992427,19.41398,17.29078,16.33702,15.87626,15.48284,745,301,1,579,4.10E+17,GALAXY,0.04462435,364,52000,295
1.24E+18,245.5388243,-0.872555232,19.19971,17.22391,16.29199,15.85335,15.48367,745,301,1,580,3.90E+17,GALAXY,0.04954444,346,51693,14
1.24E+18,205.0729646,-0.682611701,18.94325,17.02095,16.06735,15.63387,15.28098,752,301,2,411,3.37E+17,GALAXY,0.08937013,299,51671,210
1.24E+18,205.6135979,-0.65715286,18.88838,17.88406,17.42734,17.12453,16.98339,752,301,2,414,3.37E+17,GALAXY,0.08640119,299,51671,151
1.24E+18,205.6955733,-0.694928963,19.3652,18.1399,17.65534,17.4715,17.37664,752,301,2,415,3.37E+17,STAR,6.53E-05,299,51671,114
1.24E+18,205.6503963,-0.628361675,19.46207,17.81834,17.01301,16.617,16.31902,752,301,2,415,3.37E+17,GALAXY,0.07104074,299,51671,103
1.24E+18,205.7420141,-0.765420756,18.34066,16.5023,15.64826,15.26125,14.95627,752,301,2,415,3.37E+17,GALAXY,0.07053274,299,51671,57
1.24E+18,205.760907,-0.742003104,18.86362,17.87739,17.46657,17.17367,17.04404,752,301,2,415,3.37E+17,GALAXY,0.06982873,299,51671,56
1.24E+18,205.8072795,-0.786819198,17.7933,16.90408,16.6164,16.30378,16.30438,752,301,2,416,3.37E+17,GALAXY,0.08875664,299,51671,60
1.24E+18,205.9169873,-0.833501027,19.14158,17.99588,17.53081,17.2301,17.13721,752,301,2,416,3.37E+17,GALAXY,0.1066131,299,51671,59
1.24E+18,206.0447121,-0.761242085,19.17263,18.06068,17.6305,17.33272,17.2204,752,301,2,417,3.37E+17,GALAXY,0.08685333,299,51671,58
1.24E+18,206.1416484,-0.678727673,18.57808,17.38363,17.39016,17.42856,17.48906,752,,2,418,3.38E+17,STAR,0.000784398,300,51943,291
1.24E+18,206.1712247,-0.830625848,19.13297,18.72812,18.69815,18.67673,18.45058,752,301,2,418,4.55E+18,QSO,2.270286,4043,55630,216
1.24E+18,206.1139515,-0.728211449,19.22582,18.9224,18.81053,18.69143,18.74117,752,301,2,418,3.38E+17,QSO,1.452307,300,51943,300
1.24E+18,206.3704304,-0.79829575,19.15242,17.42991,16.57173,16.15933,15.85434,752,301,2,420,3.37E+17,GALAXY,0.08845632,299,51671,20
1.24E+18,206.3741669,-0.781673248,18.28101,17.18856,16.70175,16.33173,16.14626,752,301,2,420,3.38E+17,GALAXY,0.08813617,300,51943,299
1.24E+18,206.5245798,-0.698895662,19.18844,18.75792,18.86976,19.02108,19.25434,752,301,2,421,3.37E+17,STAR,5.59E-05,299,51671,22
1.24E+18,206.5766774,-0.801586179,19.14205,17.96772,17.45321,17.09447,16.88161,752,301,2,421,3.37E+17,GALAXY,0.088566,299,51671,16
1.24E+18,206.6330657,-0.724304266,18.92986,17.92031,17.41597,17.12756,17.03521,752,301,2,421,3.37E+17,GALAXY,0.1484416,299,51671,5
1.24E+18,206.7980856,-0.770183129,18.6924,17.7664,17.48753,17.38595,17.35225,752,301,2,422,4.55E+18,STAR,0.000224824,4043,55630,98
1.24E+18,206.8064741,-0.671287487,18.3738,16.84218,16.10014,15.71413,15.41793,752,301,2,422,3.38E+17,GALAXY,0.04749686,300,51943,255
1.24E+18,207.1038115,-0.816326578,19.03027,17.92062,17.54537,17.40652,17.39518,752,301,2,424,3.38E+17,STAR,-1.12E-05,300,51943,216
1.24E+18,207.0943716,-0.766966437,17.92943,16.42391,15.79249,15.47063,15.23182,752,301,2,424,3.38E+17,GALAXY,0.02614107,300,51943,218
1.24E+18,207.1466367,-0.672593158,17.619,16.61343,16.47639,16.42638,16.43867,752,301,2,425,3.38E+17,STAR,0.000308748,300,51943,202
1.24E+18,207.1816447,-0.72594899,16.85941,15.83554,15.77641,15.7712,15.82794,752,301,2,425,3.38E+17,STAR,0.000129414,300,51943,213
1.24E+18,207.2248563,-0.782370622,16.88578,15.99562,15.6586,15.51201,15.47617,752,301,2,425,4.55E+18,STAR,2.77E-06,4043,55630,58
1.24E+18,207.2581291,-0.83005592,15.85837,14.6398,14.627,14.65232,14.71224,752,,2,425,3.38E+17,STAR,0.000106044,300,51943,131
1.24E+18,207.3929659,-0.684141388,18.11682,17.77947,17.87333,17.7141,17.67043,752,301,2,426,3.38E+17,QSO,0.5148025,300,51943,139
1.24E+18,207.4450935,-0.741950842,19.47647,17.61476,16.68962,16.23929,15.87438,752,301,2,427,3.38E+17,GALAXY,0.07854678,300,51943,138
1.24E+18,207.4502062,-0.728052903,18.14094,16.32733,15.41508,14.97462,14.65088,752,301,2,427,4.55E+18,GALAXY,0.07823353,4040,55605,344
1.24E+18,207.456735,-0.726104512,19.19459,18.31113,18.09644,17.83205,17.75919,752,301,2,427,3.38E+17,GALAXY,0.05310636,300,51943,121
1.24E+18,207.4893691,-0.803272151,19.53265,18.15082,17.43013,17.02216,16.7586,752,301,2,427,3.38E+17,GALAXY,0.0927506,300,51943,129
1.24E+18,207.7048473,-0.81179491,19.31942,17.36549,16.37918,15.92805,15.55104,752,301,2,428,3.38E+17,GALAXY,0.09100784,300,51943,81
1.24E+18,207.8799425,-0.745471512,17.15698,16.04984,15.6602,15.51096,15.47703,752,301,2,430,3.38E+17,STAR,-4.70E-05,300,51943,57
1.24E+18,208.0694192,-0.775694214,19.13015,18.99829,18.69307,18.62844,18.67269,752,301,2,431,3.38E+17,QSO,1.244108,300,51943,52
1.24E+18,208.2329375,-0.696097698,19.47384,18.02314,17.21636,16.78238,16.43555,752,301,2,432,3.38E+17,GALAXY,0.1155662,300,51943,18
1.24E+18,208.6412171,-0.776612716,17.14729,15.85645,15.21062,14.84574,14.52751,752,301,2,435,4.55E+18,GALAXY,0.02707425,4041,55361,644
1.24E+18,208.6944506,-0.674094359,18.77788,17.11622,16.37415,15.98126,15.68712,752,301,2,435,3.39E+17,GALAXY,0.03762654,301,51942,307
1.24E+18,208.6981259,-0.760115862,19.13621,17.95535,17.33129,16.9772,16.74717,752,301,2,435,3.39E+17,GALAXY,0.1425752,301,51942,284
1.24E+18,208.737877,-0.660098784,18.90994,17.66969,16.9995,16.62222,16.35383,752,301,2,435,3.39E+17,GALAXY,0.08791664,301,51942,273
1.24E+18,208.9381501,-0.757246504,15.62121,14.60897,14.43487,14.40072,14.45437,752,301,2,437,3.39E+17,STAR,0.00010314,301,51942,256
1.24E+18,209.0907019,-0.656281418,19.23039,18.06944,17.59436,17.23812,17.09449,752,301,2,438,3.39E+17,GALAXY,0.07908808,301,51942,230
1.24E+18,209.2886379,-0.644143632,18.81291,17.77027,17.30868,16.95996,16.8011,752,301,2,439,3.39E+17,GALAXY,0.07006504,301,51942,189
1.24E+18,209.2936401,-0.832521517,19.0146,17.33462,16.45423,16.02605,15.67589,752,301,2,439,3.39E+17,GALAXY,0.08909858,301,51942,123
1.24E+18,209.3959125,-0.780272541,17.92018,17.92471,17.884,17.62558,17.53486,752,,2,440,4.55E+18,QSO,1.771222,4041,55361,809
1.24E+18,209.4291533,-0.76259171,17.80781,16.93552,16.67188,16.47706,16.3433,752,301,2,440,3.39E+17,GALAXY,0.02961222,301,51942,134
1.24E+18,209.4867038,-0.666855747,18.23204,16.45568,15.63056,15.19764,14.8788,752,301,2,440,3.39E+17,GALAXY,0.06956718,301,51942,175
1.24E+18,209.6880596,-0.724960989,18.49833,17.49403,17.33157,17.28345,17.28941,752,301,2,442,3.39E+17,STAR,0.000322833,301,51942,100
1.24E+18,209.6752277,-0.658012832,18.92958,16.90914,15.78403,15.31554,14.93797,752,301,2,442,3.39E+17,GALAXY,0.131564,301,51942,177
1.24E+18,209.8488453,-0.831517588,19.07301,18.11891,17.76631,17.65374,17.60394,752,301,2,443,4.55E+18,STAR,-0.000162314,4037,55631,378
1.24E+18,209.9513169,-0.766163443,19.15065,17.36285,16.52798,16.15387,15.80557,752,301,2,443,3.39E+17,GALAXY,0.10632,301,51942,96
1.24E+18,185.3793616,0.086911559,18.13147,17.3532,16.93616,16.56829,16.44423,752,301,4,279,3.24E+17,GALAXY,0.1072231,288,52000,545
1.24E+18,185.2675684,0.084620838,18.54219,17.49083,17.07087,16.71762,16.57594,752,301,4,279,3.24E+17,GALAXY,0.1070803,288,52000,505
1.24E+18,185.2807974,0.047531708,19.53852,19.139,18.55866,18.17328,17.99881,752,301,4,279,3.24E+17,QSO,0.1572411,288,52000,544
1.24E+18,185.3794557,0.128518845,19.25762,19.24938,18.9753,18.88568,18.91675,752,301,4,279,3.24E+17,QSO,1.335835,288,52000,547
1.24E+18,185.4481335,0.015136137,17.89052,16.98527,16.73305,16.63174,16.61334,752,301,4,280,2.88E+18,STAR,7.54E-05,2558,54140,426
1.24E+18,185.4852185,0.163399564,18.71479,16.97454,16.38521,16.12513,15.90649,752,301,4,280,3.24E+17,GALAXY,0.106216,288,52000,599
1.24E+18,185.5285092,0.082486629,18.95637,17.97179,17.80977,17.76273,17.78803,752,301,4,280,2.88E+18,STAR,0.000359946,2558,54140,475
1.24E+18,185.5577817,0.032905127,18.25347,17.34355,17.12577,17.02307,16.96043,752,301,4,280,2.88E+18,STAR,0.000522862,2558,54140,480
1.24E+18,185.6519768,0.041542657,19.26136,19.1851,18.9592,18.88952,18.86333,752,301,4,281,3.24E+17,QSO,1.330196,288,52000,588
1.24E+18,185.7174995,0.091660892,16.41278,14.86871,14.31287,14.10415,13.98788,752,301,4,282,2.88E+18,STAR,-0.000120691,2558,54140,467
1.24E+18,185.7471422,0.196282529,19.05024,19.09565,19.19766,18.90488,18.8281,752,301,4,282,3.24E+17,QSO,1.895719,288,52000,594
1.24E+18,185.7665342,0.028554011,18.97832,18.10239,17.81904,17.71502,17.695,752,301,4,282,2.88E+18,STAR,0.000433085,2558,54140,466
1.24E+18,185.7703275,0.198644075,18.70031,17.83492,17.57053,17.45308,17.40799,752,301,4,282,2.88E+18,STAR,-6.92E-05,2558,54140,476
1.24E+18,185.8555339,0.133289829,19.59163,17.81984,16.84598,16.44592,16.10031,752,301,4,282,3.24E+17,GALAXY,0.1062806,288,52000,623
1.24E+18,185.9015378,0.145036439,16.0238,15.09469,14.80986,14.6965,14.6701,752,301,4,283,2.88E+18,STAR,0.000477176,2558,54140,462
1.24E+18,185.9800838,0.039155301,15.1353,13.94085,13.94638,14.00164,14.03319,752,301,4,283,2.88E+18,STAR,0.000413841,2558,54140,468
1.24E+18,186.0117034,0.044316373,16.37136,14.76484,14.22739,14.07195,13.9889,752,301,4,284,2.88E+18,STAR,-7.29E-05,2558,54140,472
1.24E+18,186.0339366,0.005707661,18.76134,17.27291,16.74922,16.59132,16.47496,752,301,4,284,2.88E+18,STAR,-0.000172935,2558,54140,493
1.24E+18,186.0765226,0.056070732,17.72557,16.5077,16.11247,15.97783,15.92708,752,301,4,284,2.88E+18,STAR,4.18E-05,2558,54140,492
1.24E+18,186.1011642,0.119306272,17.70918,16.77318,16.49644,16.38192,16.34623,752,301,4,284,2.88E+18,STAR,0.000645126,2558,54140,499
1.24E+18,186.1111769,0.008868983,17.79889,16.90706,16.53008,16.38745,16.30119,752,301,4,284,2.88E+18,STAR,0.000777288,2558,54140,497
1.24E+18,186.0158913,0.154528346,19.42352,18.08814,17.5851,17.41209,17.34603,752,301,4,284,2.88E+18,STAR,0.000105949,2558,54140,491
1.24E+18,186.0264298,0.117306796,19.49485,17.74386,16.93079,16.61019,16.40522,752,301,4,284,2.88E+18,STAR,0.000220751,2558,54140,486
1.24E+18,186.0338356,0.113212743,19.10102,17.89368,17.17626,16.78514,16.47559,752,301,4,284,3.25E+17,GALAXY,0.1560981,289,51990,396
1.24E+18,186.0395803,0.164585909,19.08999,17.87979,17.30001,16.91738,16.72677,752,301,4,284,3.24E+17,GALAXY,0.07909836,288,52000,627
1.24E+18,186.1138317,0.152882187,16.32657,14.79158,14.1052,13.75229,13.46165,752,301,4,284,3.24E+17,GALAXY,0.02549985,288,52000,633
1.24E+18,186.1347569,0.052198991,19.58891,18.64184,18.49889,18.46553,18.45593,752,301,4,284,2.89E+18,STAR,-0.000120104,2568,54153,175
1.24E+18,186.1469047,0.129426424,19.20085,18.08511,17.69779,17.42061,17.29814,752,301,4,284,3.24E+17,GALAXY,0.04204269,288,52000,626
1.24E+18,186.2121934,0.009597379,18.91914,18.02611,17.80632,17.71907,17.72131,752,301,4,285,2.88E+18,STAR,0.000557983,2558,54140,496
1.24E+18,186.2498484,0.130219088,17.6936,16.32069,15.80393,15.6132,15.53206,752,301,4,285,2.88E+18,STAR,0.000325267,2558,54140,481
1.24E+18,186.2572072,0.14850123,18.35066,17.41139,17.18135,17.08709,17.08965,752,301,4,285,2.88E+18,STAR,-3.05E-05,2558,54140,488
1.24E+18,186.2859601,0.0619333,18.0996,17.1742,16.83233,16.70185,16.66806,752,301,4,285,3.26E+17,STAR,0.000185148,289,51990,436
1.24E+18,186.3574026,0.063831679,16.38773,14.9501,14.43486,14.2691,14.19747,752,301,4,286,2.88E+18,STAR,-4.30E-05,2558,54140,514
1.24E+18,186.3602569,0.082352935,18.9836,17.52731,16.99701,16.7796,16.66278,752,301,4,286,2.88E+18,STAR,8.97E-05,2558,54140,515
1.24E+18,186.4232854,0.099919905,16.91041,15.45433,14.85858,14.64869,14.53447,752,301,4,286,2.88E+18,STAR,8.83E-05,2558,54140,512
1.24E+18,186.5682699,0.010097677,18.26847,17.98774,17.77489,17.65078,17.51534,752,301,4,287,3.26E+17,QSO,1.974752,289,51990,438
1.24E+18,186.57943,0.054573323,17.09046,15.47887,14.81628,14.52759,14.37151,752,301,4,287,2.88E+18,STAR,3.88E-05,2558,54140,506
1.24E+18,186.5990118,0.141232724,18.92344,17.86703,17.40125,17.19161,17.12352,752,301,4,287,2.88E+18,STAR,0.000351364,2558,54140,542
1.24E+18,186.6066405,0.20615305,18.54043,17.63641,17.35255,17.25576,17.17422,752,301,4,287,2.88E+18,STAR,8.27E-05,2558,54140,556
1.24E+18,186.4978786,0.065823842,19.03382,18.15575,17.95118,17.86144,17.88585,752,301,4,287,2.89E+18,STAR,0.000480309,2568,54153,553
1.24E+18,186.6787473,0.151634688,18.71259,16.32915,15.08869,14.58182,14.27226,752,301,4,288,2.88E+18,STAR,-5.95E-06,2558,54140,552
1.24E+18,186.7344875,0.068075388,18.81766,17.49303,16.91854,16.68079,16.58296,752,301,4,288,2.88E+18,STAR,-0.000470792,2558,54140,559
1.24E+18,186.7453887,0.103838626,18.57371,17.7188,17.39374,17.28585,17.26827,752,301,4,288,2.88E+18,STAR,0.000180701,2558,54140,543
1.24E+18,186.7485617,0.173245776,17.40626,15.87684,15.26237,15.03957,14.92599,752,301,4,288,2.88E+18,STAR,-8.99E-05,2558,54140,551
1.24E+18,186.7047151,0.185916794,19.53823,17.69941,16.98525,16.67076,16.4375,752,301,4,288,2.88E+18,STAR,0.000759523,2558,54140,550
1.24E+18,186.8003236,0.059674849,18.04444,16.12702,15.44266,15.23283,15.12825,752,301,4,289,2.88E+18,STAR,4.77E-05,2558,54140,560
1.24E+18,186.8132968,0.031704699,18.55765,16.35182,15.45455,15.0802,14.85069,752,301,4,289,2.88E+18,STAR,8.09E-05,2558,54140,553
1.24E+18,186.8826033,0.140064967,16.80133,15.34514,14.81955,14.64411,14.58058,752,301,4,289,2.88E+18,STAR,-7.73E-05,2558,54140,584
1.24E+18,186.9081124,0.145877191,17.43725,15.98773,15.43505,15.24584,15.17689,752,301,4,289,2.88E+18,STAR,-6.67E-05,2558,54140,582
1.24E+18,186.8641983,0.048890673,18.78979,17.4279,16.68736,16.28967,15.9906,752,301,4,289,3.26E+17,GALAXY,0.1129216,289,51990,498
1.24E+18,161.2733832,-0.480484617,17.09137,15.98284,15.62553,15.50242,15.46309,756,301,2,304,2.71E+18,STAR,3.34E-05,2409,54210,250
1.24E+18,161.2911065,-0.580470302,18.86026,17.2778,16.66154,16.42111,16.29518,756,301,2,304,2.69E+18,STAR,0.000289836,2389,54213,229
1.24E+18,161.3114825,-0.611121142,18.91458,17.97609,17.69784,17.55495,17.49273,756,301,2,304,2.88E+18,STAR,0.000308735,2559,54208,270
1.24E+18,161.3272007,-0.562638536,17.00254,15.35527,14.73952,14.50755,14.40796,756,301,2,304,2.88E+18,STAR,1.47E-05,2559,54208,226
1.24E+18,161.397725,-0.62154885,17.17881,15.56593,14.90381,14.66557,14.54323,756,301,2,304,2.88E+18,STAR,4.90E-05,2559,54208,253
1.24E+18,161.4052563,-0.486109289,18.60262,17.07502,16.49357,16.32896,16.27352,756,301,2,304,2.69E+18,STAR,4.41E-05,2389,54213,228
1.24E+18,161.2784639,-0.463088739,19.05238,17.92345,17.28963,16.89301,16.65988,756,301,2,304,3.10E+17,GALAXY,0.1602088,275,51910,222
1.24E+18,161.3850943,-0.491358226,19.39531,17.49907,16.76746,16.5326,16.40905,756,301,2,304,2.69E+18,STAR,5.94E-05,2389,54213,224
1.24E+18,161.395036,-0.425750026,18.5481,17.3771,16.71891,16.30875,16.06784,756,301,2,304,3.10E+17,GALAXY,0.08583559,275,51910,183
1.24E+18,161.4243997,-0.431367287,18.90212,17.83956,17.45825,17.33062,17.29042,756,301,2,305,2.69E+18,STAR,-3.29E-06,2389,54213,222
1.24E+18,161.4802825,-0.489372713,16.50787,15.3139,14.8865,14.74076,14.70757,756,301,2,305,2.71E+18,STAR,-4.45E-05,2409,54210,204
1.24E+18,161.543731,-0.52396033,17.28613,16.36086,16.02538,15.89519,15.8609,756,301,2,305,2.88E+18,STAR,7.93E-05,2559,54208,193
1.24E+18,161.4226664,-0.519243206,18.99146,17.07726,16.12667,15.69658,15.36008,756,301,2,305,3.10E+17,GALAXY,0.08484705,275,51910,189
1.24E+18,161.4291092,-0.593212362,19.00578,17.89613,17.37406,17.02465,16.81729,756,301,2,305,3.10E+17,GALAXY,0.08506283,275,51910,218
1.24E+18,161.5808653,-0.541816567,17.96859,16.45618,15.87957,15.70021,15.63861,756,301,2,306,2.88E+18,STAR,-6.33E-05,2559,54208,188
1.24E+18,161.7050514,-0.458871115,18.14537,16.98603,16.57416,16.4543,16.40801,756,301,2,306,2.69E+18,STAR,0.000220861,2389,54213,193
1.24E+18,161.5826318,-0.528305814,19.03796,17.35102,16.56406,16.19586,15.90696,756,301,2,306,3.10E+17,GALAXY,0.03836075,275,51910,188
1.24E+18,161.5988002,-0.550141164,19.55911,17.67387,16.70643,16.32966,16.03905,756,301,2,306,3.10E+17,GALAXY,0.07696021,275,51910,140
1.24E+18,161.7257035,-0.62828994,19.151,17.45303,16.78522,16.56231,16.45795,756,301,2,307,2.88E+18,STAR,5.11E-05,2559,54208,212
1.24E+18,161.7358885,-0.528817419,18.76022,17.71995,17.28579,17.09315,17.00772,756,301,2,307,2.69E+18,STAR,0.000160757,2389,54213,189
1.24E+18,161.7465183,-0.455315161,16.73108,15.34196,14.81329,14.63843,14.56427,756,301,2,307,2.88E+18,STAR,2.93E-05,2559,54208,168
1.24E+18,161.7748594,-0.530884415,19.18309,18.28044,17.97188,17.91156,17.87715,756,301,2,307,4.32E+18,STAR,0.00021777,3834,56014,110
1.24E+18,161.7767287,-0.603295291,17.8964,16.12725,15.40752,15.12172,14.97763,756,301,2,307,2.88E+18,STAR,0.000417742,2559,54208,163
1.24E+18,161.7918721,-0.465260439,18.81566,17.4146,16.8651,16.67896,16.57537,756,301,2,307,2.69E+18,STAR,5.10E-06,2389,54213,186
1.24E+18,161.8170027,-0.559084404,18.5321,17.63211,17.32061,17.21326,17.18259,756,301,2,307,2.69E+18,STAR,0.000431994,2389,54213,184
1.24E+18,161.9235309,-0.446979654,19.52808,18.67979,18.39561,18.2954,18.216,756,301,2,308,2.71E+18,STAR,0.000371594,2409,54210,163
1.24E+18,161.9547497,-0.483262053,17.05778,16.01044,15.69783,15.58869,15.56961,756,301,2,308,2.88E+18,STAR,8.16E-06,2559,54208,169
1.24E+18,161.9884128,-0.455832573,15.8452,14.78328,14.48869,14.40722,14.3887,756,301,2,308,2.88E+18,STAR,-7.60E-05,2559,54208,164
1.24E+18,161.9479009,-0.571582908,19.24702,17.71808,17.13476,16.9424,16.85483,756,301,2,308,2.88E+18,STAR,-7.98E-05,2559,54208,162
1.24E+18,162.0148637,-0.516032181,19.33036,17.50834,16.78476,16.53942,16.40915,756,301,2,308,2.88E+18,STAR,0.000115074,2559,54208,170
1.24E+18,162.0176696,-0.57640739,18.77364,17.53109,16.97743,16.6258,16.41043,756,301,2,308,3.10E+17,GALAXY,0.07662232,275,51910,100
1.24E+18,162.0223666,-0.497567627,16.59492,15.13649,14.59052,14.40143,14.34641,756,301,2,309,2.88E+18,STAR,3.53E-05,2559,54208,161
1.24E+18,162.0738924,-0.425342059,16.37205,15.43852,15.10226,14.96795,14.92506,756,301,2,309,2.88E+18,STAR,0.000423333,2559,54208,180
1.24E+18,162.0756395,-0.582039698,16.44267,15.35777,15.23907,15.23717,15.31003,756,301,2,309,2.88E+18,STAR,-0.000151586,2559,54208,171
1.24E+18,162.1164869,-0.605247906,19.23675,18.29424,18.00808,17.91335,17.88959,756,301,2,309,2.71E+18,STAR,0.000689084,2409,54210,151
1.24E+18,162.1289827,-0.61062082,18.37125,16.36699,15.60569,15.36293,15.25285,756,301,2,309,2.88E+18,STAR,-3.10E-05,2559,54208,144
1.24E+18,162.0583379,-0.466288167,19.4854,18.1999,17.6562,17.40889,17.29086,756,301,2,309,2.88E+18,STAR,0.000578048,2559,54208,166
1.24E+18,162.0873708,-0.590559104,19.23702,18.37381,18.06147,17.93892,17.9211,756,301,2,309,2.71E+18,STAR,0.000937404,2409,54210,149
1.24E+18,162.1670398,-0.525241435,18.65073,17.0002,16.17196,15.69725,15.35611,756,301,2,309,3.10E+17,GALAXY,0.08180232,275,51910,141
1.24E+18,162.1734378,-0.466463383,19.28355,17.29447,16.52981,16.23584,16.07176,756,301,2,310,2.69E+18,STAR,2.92E-05,2389,54213,172
1.24E+18,162.195429,-0.541062258,19.07102,18.0139,17.51009,17.31524,17.23491,756,301,2,310,2.88E+18,STAR,0.000755086,2559,54208,146
1.24E+18,162.2144182,-0.479057972,18.27637,16.53353,15.7278,15.34265,15.04055,756,301,2,310,3.10E+17,GALAXY,0.06747919,275,51910,103
1.24E+18,162.2694814,-0.528871015,18.92278,17.43406,16.85969,16.65171,16.52776,756,301,2,310,2.88E+18,STAR,0.000465222,2559,54208,155
1.24E+18,162.3015076,-0.51094568,19.49018,18.69087,18.40932,17.98627,17.87467,756,301,2,310,3.10E+17,GALAXY,0.08137379,275,51910,119
1.24E+18,162.3357217,-0.562916471,16.77757,15.79099,15.65251,15.61812,15.64404,756,301,2,311,2.69E+18,STAR,0.000652362,2389,54213,144
1.24E+18,162.3820105,-0.433749396,17.5054,15.80306,15.14073,14.883,14.74835,756,301,2,311,2.88E+18,STAR,8.63E-05,2559,54208,157
1.24E+18,162.4486986,-0.594963917,16.73909,15.50358,15.00279,14.8113,14.7381,756,301,2,311,2.88E+18,STAR,0.0009889,2559,54208,105
1.24E+18,162.4549608,-0.573184032,19.1247,17.39795,16.75752,16.51347,16.3906,756,301,2,311,2.69E+18,STAR,0.000246799,2389,54213,155
1.24E+18,162.3536023,-0.429879442,17.46768,15.51855,14.64059,14.21238,13.86848,756,301,2,311,3.10E+17,GALAXY,0.0385065,275,51910,70
1.24E+18,162.3581306,-0.56013578,19.14289,17.58933,17.22007,16.97656,16.92214,756,301,2,311,3.10E+17,GALAXY,0.05014241,275,51910,2
1.24E+18,152.3548242,-0.129743707,19.49632,17.59388,16.67482,16.25166,15.95042,756,301,3,244,3.04E+17,GALAXY,0.09504843,270,51909,228
1.24E+18,152.289487,-0.063071315,19.45274,17.62178,16.68552,16.27155,15.9206,756,301,3,244,3.04E+17,GALAXY,0.09546287,270,51909,434
1.24E+18,152.381682,-0.040947164,18.45212,16.89779,16.04317,15.65277,15.35365,756,301,3,244,3.04E+17,GALAXY,0.09588677,270,51909,440
1.24E+18,152.3880113,-0.009528702,19.30342,17.38579,16.42225,15.99919,15.64936,756,301,3,244,3.04E+17,GALAXY,0.09656405,270,51909,422
1.24E+18,152.4089187,-0.1597434,19.27068,18.5268,18.12876,17.75474,17.72392,756,301,3,244,3.04E+17,GALAXY,0.1375496,270,51909,224
1.24E+18,152.4326086,-0.052129,18.951,17.08533,16.11569,15.69776,15.33339,756,301,3,244,3.04E+17,GALAXY,0.09537001,270,51909,480
1.24E+18,152.5672169,-0.074787263,17.89386,16.11245,15.34051,15.00042,14.70411,756,301,3,245,3.04E+17,GALAXY,0.09642068,270,51909,473
1.24E+18,152.4630107,-0.121920001,18.70498,17.23423,16.5517,16.18321,15.91227,756,301,3,245,3.04E+17,GALAXY,0.06256203,270,51909,199
1.24E+18,152.505931,-0.197912627,18.99524,17.87855,17.19045,16.82093,16.56422,756,301,3,245,3.04E+17,GALAXY,0.1512586,270,51909,193
1.24E+18,152.5289809,-0.057700135,18.59652,17.28157,16.71329,16.36005,16.12741,756,301,3,245,3.04E+17,GALAXY,0.05838413,270,51909,465
1.24E+18,152.7169946,-0.134280382,17.95627,16.46152,15.72164,15.30538,15.0177,756,301,3,246,3.04E+17,GALAXY,0.06864782,270,51909,171
1.24E+18,152.6749475,-0.127761598,19.04204,17.87724,17.45017,17.21807,17.22886,756,301,3,246,3.04E+17,GALAXY,0.05841528,270,51909,173
1.24E+18,153.0783934,-0.060261656,17.35868,16.26491,15.91327,15.79312,15.79815,756,301,3,249,3.04E+17,STAR,-8.45E-05,270,51909,489
1.24E+18,153.3642745,-0.029097508,17.88942,16.55713,16.10999,15.9643,15.89903,756,301,3,251,3.04E+17,STAR,-0.000145414,270,51909,518
1.24E+18,153.4742924,-0.154835469,18.73601,16.59921,15.56108,15.12695,14.77491,756,301,3,251,3.04E+17,GALAXY,0.098474,270,51909,80
1.24E+18,153.3982997,-0.175484773,19.52077,17.50807,16.52395,16.08269,15.73608,756,301,3,251,3.04E+17,GALAXY,0,270,51909,601
1.24E+18,153.4494386,-0.174722052,19.33492,17.25626,16.32616,15.91549,15.54986,756,301,3,251,3.04E+17,GALAXY,0.08873131,270,51909,119
1.24E+18,153.4961219,-0.081581072,18.18003,16.07295,15.08006,14.62374,14.25727,756,301,3,252,3.05E+17,GALAXY,0.09037467,271,51883,358
1.24E+18,153.4992653,-0.090523242,19.12968,17.53014,16.70312,16.30732,16.00915,756,301,3,252,3.04E+17,GALAXY,0.09169753,270,51909,67
1.24E+18,153.5174567,-0.060347679,18.86843,17.42523,16.59959,16.16429,15.83184,756,301,3,252,3.05E+17,GALAXY,0.09730428,271,51883,346
1.24E+18,153.5243856,-0.127143014,18.68823,17.60337,17.32386,17.12174,17.00394,756,301,3,252,3.04E+17,GALAXY,0.0463312,270,51909,77
1.24E+18,153.5322459,-0.051038707,19.52407,18.15866,17.44809,17.07915,16.8003,756,301,3,252,3.04E+17,GALAXY,0.09289638,270,51909,554
1.24E+18,153.6778371,-0.159828151,19.3824,18.43046,18.16253,18.06108,18.0092,756,301,3,253,4.31E+18,STAR,3.09E-05,3831,55543,488
1.24E+18,153.6494362,-0.15526035,19.28799,17.44256,16.54024,16.12604,15.78613,756,301,3,253,3.04E+17,GALAXY,0.09554408,270,51909,39
1.24E+18,153.8345141,-0.129786642,17.90158,16.98052,16.75042,16.65792,16.64194,756,301,3,254,4.31E+18,STAR,0.000116237,3831,55543,480
1.24E+18,153.8572373,-0.070510582,19.34353,18.01985,17.20665,16.78012,16.49426,756,301,3,254,3.05E+17,GALAXY,0.1442524,271,51883,318
1.24E+18,154.0026584,-0.112700988,19.09596,17.07662,16.16983,15.72136,15.34942,756,301,3,255,3.05E+17,GALAXY,0.05991426,271,51883,265
1.24E+18,154.1217706,-0.026990451,19.44706,18.06446,17.47818,17.14834,16.89766,756,301,3,256,3.05E+17,GALAXY,0.1043095,271,51883,397
1.24E+18,154.2444222,-0.119017277,19.10702,19.07256,18.79198,18.64582,18.07549,756,301,3,257,3.05E+17,QSO,0.3372652,271,51883,228
1.24E+18,154.3596352,-0.164217093,19.03104,18.46669,18.11303,18.04101,17.43849,756,301,3,257,3.05E+17,QSO,0.3449105,271,51883,193
1.24E+18,154.2790993,-0.175661495,18.58894,17.37458,16.94893,16.7297,16.77008,756,301,3,257,3.05E+17,GALAXY,0.03401261,271,51883,234
1.24E+18,154.386659,-0.073125064,19.40503,17.48724,16.53689,16.08374,15.7189,756,301,3,258,3.05E+17,GALAXY,0.0655472,271,51883,195
1.24E+18,154.3883821,-0.02924697,19.50942,17.5641,16.60739,16.10064,15.76186,756,301,3,258,3.05E+17,QSO,0.06103761,271,51883,200
1.24E+18,154.4271495,-0.193461068,19.10797,17.57482,16.77922,16.37828,16.08525,756,301,3,258,3.05E+17,GALAXY,0.09604297,271,51883,172
1.24E+18,154.4527175,-0.030763014,18.6479,16.66485,15.59894,15.12062,14.85318,756,301,3,258,3.05E+17,GALAXY,0.06358586,271,51883,168
1.24E+18,154.598453,-0.091045308,18.94769,18.79742,18.65749,18.60048,18.73997,756,301,3,259,3.05E+17,QSO,1.40169,271,51883,158
1.24E+18,154.6119178,-0.164199838,18.79575,18.57321,18.55136,18.35209,18.30321,756,301,3,259,3.05E+17,QSO,1.812651,271,51883,152
1.24E+18,154.6224791,-0.141871296,19.06688,18.69043,18.51842,18.41969,18.17964,756,301,3,259,3.05E+17,QSO,2.137572,271,51883,151
1.24E+18,154.5355886,-0.084208298,19.23177,17.46849,16.54995,16.02666,15.61895,756,301,3,259,3.06E+17,GALAXY,0.0610805,272,51941,304
1.24E+18,154.5490428,-0.149462427,19.56517,17.64734,16.72979,16.29004,15.9327,756,301,3,259,3.05E+17,GALAXY,0.06397337,271,51883,180
1.24E+18,154.618369,-0.070620227,19.35042,17.61593,16.72431,16.21484,15.82124,756,301,3,259,3.06E+17,GALAXY,0.06570753,272,51941,310
1.24E+18,154.6518352,-0.178075478,18.74892,16.90716,15.95795,15.48473,15.08246,756,301,3,259,3.06E+17,GALAXY,0.06359103,272,51941,303
1.24E+18,154.7493615,-0.18252079,19.19234,17.33534,16.35525,15.85395,15.51435,756,301,3,260,3.05E+17,GALAXY,0.09228784,271,51883,155
1.24E+18,154.7959231,-0.153860577,19.09539,18.11292,17.78169,17.65197,17.57892,756,301,3,260,4.31E+18,STAR,0.00048925,3831,55543,306
1.24E+18,154.8561628,-0.02990685,18.79426,18.34404,18.25214,18.3229,18.19995,756,301,3,261,3.06E+17,QSO,0.8181214,272,51941,309
1.24E+18,154.8642837,-0.034539174,18.37732,16.88301,16.28039,15.94014,15.78495,756,301,3,261,3.05E+17,GALAXY,0.04713511,271,51883,119
1.24E+18,154.9829995,-0.201431597,19.10244,17.63602,16.90735,16.52213,16.25722,756,301,3,261,3.05E+17,GALAXY,0.06346736,271,51883,118
1.24E+18,155.0158663,-0.113941462,19.18205,17.14069,16.10541,15.68298,15.29503,756,301,3,262,3.05E+17,GALAXY,0.1253822,271,51883,75
1.24E+18,155.2481467,-0.176081021,18.43279,16.6275,15.71816,15.25928,14.88557,756,301,3,263,3.05E+17,GALAXY,0.05594477,271,51883,79
1.24E+18,162.6701244,-0.87441191,19.07583,17.58162,16.95899,16.70053,16.53613,756,301,1,313,2.88E+18,STAR,0.001075843,2559,54208,51
1.24E+18,162.6764338,-0.976079059,18.15939,16.46312,15.80274,15.57366,15.45408,756,301,1,313,2.88E+18,STAR,3.33E-05,2559,54208,54
1.24E+18,162.6854879,-0.880851558,18.72703,17.26665,16.67284,16.44205,16.30302,756,301,1,313,2.88E+18,STAR,0.000481111,2559,54208,55
1.24E+18,162.6896786,-0.966709448,18.70255,17.28837,16.6527,16.40006,16.24515,756,301,1,313,2.88E+18,STAR,0.000377808,2559,54208,43
1.24E+18,162.7141895,-1.005200603,17.00017,15.58659,15.04507,14.8149,14.70066,756,301,1,313,2.88E+18,STAR,0.000494897,2559,54208,10
1.24E+18,162.7158864,-0.903381134,17.97968,16.57929,15.81588,15.38484,15.00796,756,301,1,313,3.11E+17,GALAXY,0.03808302,276,51909,256
1.24E+18,162.7664195,-0.86051431,17.67043,16.20217,15.636,15.44809,15.32646,756,301,1,313,2.69E+18,STAR,0.000152524,2389,54213,11
1.24E+18,162.6520562,-0.923054037,19.47097,17.4802,16.58447,16.17016,15.81771,756,301,1,313,3.11E+17,GALAXY,0.06308059,276,51909,293
1.24E+18,162.7014703,-0.954627801,19.48088,17.9746,17.34453,17.11736,16.98896,756,301,1,313,2.69E+18,STAR,7.34E-05,2389,54213,51
1.24E+18,162.7279612,-0.970882486,19.49037,18.2175,17.42162,16.97952,16.68882,756,301,1,313,3.11E+17,GALAXY,0.1156367,276,51909,242
1.24E+18,162.7997264,-1.045256905,19.1655,18.07046,18.21098,18.37862,18.57238,756,301,1,314,2.71E+18,STAR,0.000592458,2409,54210,28
1.24E+18,162.8093841,-0.973930463,17.61348,16.07891,15.48947,15.28356,15.18689,756,301,1,314,2.88E+18,STAR,0.000190312,2559,54208,5
1.24E+18,162.8970504,-1.047254012,17.22627,15.45379,14.81873,14.59723,14.48447,756,301,1,314,2.69E+18,STAR,4.71E-05,2389,54213,6
1.24E+18,162.7761506,-0.955235439,19.08307,17.67275,16.96354,16.57325,16.28621,756,301,1,314,3.11E+17,GALAXY,0.0597514,276,51909,247
1.24E+18,162.8411225,-1.009334504,19.36181,18.16825,17.62504,17.39792,17.29436,756,301,1,314,2.69E+18,STAR,0.000488068,2389,54213,1
1.24E+18,162.88697,-1.002880575,17.79835,16.35954,15.67576,15.28575,14.9844,756,301,1,314,3.11E+17,GALAXY,0.03730522,276,51909,245
1.24E+18,162.9638145,-0.878170696,17.00784,16.07094,15.73836,15.60719,15.55462,756,301,1,315,2.88E+18,STAR,0.00071068,2559,54208,18
1.24E+18,162.9643543,-0.854905185,15.92846,15.75834,15.68789,15.79105,15.2599,756,301,1,315,3.11E+17,QSO,0.3589468,276,51909,251
1.24E+18,162.9797498,-0.893744848,19.30481,18.2557,17.84356,17.56442,17.36537,756,301,1,315,3.11E+17,GALAXY,0.0485734,276,51909,204
1.24E+18,163.0569778,-0.979022039,19.21506,18.41121,18.32756,18.30601,18.12276,756,301,1,315,4.32E+18,QSO,2.684319,3835,55570,216
1.24E+18,163.0632234,-0.964998595,17.85959,16.18301,15.56699,15.37634,15.28177,756,301,1,315,2.88E+18,STAR,-5.05E-05,2559,54208,1
1.24E+18,163.0620598,-0.95549272,18.42401,16.48616,15.58818,15.16028,14.82537,756,301,1,315,3.11E+17,GALAXY,0.04899042,276,51909,211
1.24E+18,162.9443796,-0.920007262,19.04675,17.8448,17.28803,16.95378,16.77695,756,301,1,315,3.11E+17,GALAXY,0.0823582,276,51909,252
1.24E+18,163.0141981,-1.017652731,19.58491,18.57561,17.67808,17.22836,16.93699,756,301,1,315,3.11E+17,GALAXY,0.223468,276,51909,203
1.24E+18,163.1020174,-0.887508573,17.87044,16.75399,16.34901,16.19393,16.13444,756,301,1,316,2.88E+18,STAR,-1.70E-05,2559,54208,14
1.24E+18,163.1626574,-0.943445495,18.98361,17.83656,17.32091,17.11787,17.00929,756,301,1,316,3.11E+17,STAR,0.000114978,276,51909,212
1.24E+18,163.090331,-0.843594812,19.11032,18.06835,17.6618,17.34074,17.25613,756,301,1,316,3.11E+17,GALAXY,0.08386619,276,51909,219
1.24E+18,163.15046,-0.917234757,18.64009,17.05594,16.25369,15.80932,15.48454,756,301,1,316,3.11E+17,GALAXY,0.08434325,276,51909,214
1.24E+18,163.1776402,-0.926396752,19.33939,17.72716,16.90447,16.45859,16.14578,756,301,1,316,3.11E+17,GALAXY,0.08470514,276,51909,216
1.24E+18,163.3969574,-0.865360114,19.33625,19.10618,18.84022,18.88604,18.81327,756,301,1,318,3.11E+17,QSO,1.061694,276,51909,137
1.24E+18,163.4702877,-0.981304007,18.9978,18.40489,17.94253,17.56832,17.47339,756,301,1,318,3.11E+17,QSO,1.564207,276,51909,139
1.24E+18,163.5929159,-0.906219807,18.56139,16.76052,16.06365,15.81395,15.68069,756,301,1,319,3.11E+17,STAR,-2.91E-06,276,51909,90
1.24E+18,163.6383429,-0.869652162,19.12334,18.21254,17.86785,17.73203,17.68303,756,301,1,319,4.25E+18,STAR,0.000758047,3772,55277,832
1.24E+18,163.6794939,-0.87505947,19.13235,17.135,16.20414,15.77855,15.45024,756,301,1,320,3.11E+17,GALAXY,0.07515175,276,51909,99
1.24E+18,163.9566297,-1.007108565,18.63928,18.40783,18.72516,18.96407,19.11441,756,301,1,321,4.32E+18,STAR,-0.000113937,3835,55570,42
1.24E+18,163.834242,-0.943390113,17.92957,16.20432,15.3285,14.84212,14.48557,756,301,1,321,3.11E+17,GALAXY,0.0747895,276,51909,41
1.24E+18,163.8158989,-0.928110079,18.95534,17.08021,16.13205,15.65296,15.25118,756,301,1,321,3.11E+17,GALAXY,0.05176416,276,51909,51
1.24E+18,164.0001413,-0.95482227,18.39349,16.53366,15.56921,15.092,14.71846,756,301,1,322,3.11E+17,GALAXY,0.07376982,276,51909,57
1.24E+18,164.0898765,-0.889000408,18.19049,16.85052,16.12945,15.67529,15.38433,756,301,1,322,3.11E+17,GALAXY,0.07545097,276,51909,19
1.24E+18,164.1925042,-0.846054732,18.97626,18.03446,17.68962,17.57739,17.52023,756,301,1,323,4.25E+18,STAR,4.03E-06,3772,55277,910
1.24E+18,164.1260558,-0.84856516,19.32554,17.3354,16.4046,15.97445,15.63738,756,301,1,323,3.12E+17,GALAXY,0.07552451,277,51908,300
1.24E+18,164.1523532,-0.990247421,18.85297,17.48134,16.86091,16.48637,16.23463,756,301,1,323,3.11E+17,GALAXY,0.05539397,276,51909,14
1.24E+18,164.1900122,-0.878395457,18.78915,17.53583,16.91396,16.53786,16.29176,756,301,1,323,3.11E+17,GALAXY,0.07356068,276,51909,13
1.24E+18,164.2268908,-0.919755342,19.57764,18.62945,18.26413,18.10023,18.02482,756,301,1,323,4.25E+18,STAR,6.50E-05,3772,55277,918
1.24E+18,164.3156522,-0.980575149,19.03454,17.84141,17.34953,17.01541,16.87057,756,301,1,324,3.11E+17,GALAXY,0.0755645,276,51909,20
1.24E+18,164.3616955,-0.880134204,18.93401,17.78166,17.13355,16.73445,16.51227,756,301,1,324,3.11E+17,GALAXY,0.0910571,276,51909,15
1.24E+18,164.2759011,-0.914477456,19.43435,18.26325,17.79818,17.46311,17.27473,756,301,1,324,3.12E+17,GALAXY,0.0750734,277,51908,282
1.24E+18,164.51317,-0.904222454,19.0634,18.96466,18.83459,18.65398,18.54942,756,301,1,325,3.12E+17,QSO,1.955735,277,51908,285
1.24E+18,164.6667637,-0.987072205,18.86893,17.77161,17.27226,16.92198,16.76753,756,301,1,326,3.12E+17,GALAXY,0.09644709,277,51908,247
1.24E+18,221.7381938,0.475333981,19.29643,18.30095,17.97338,17.86088,17.78991,752,301,5,522,3.30E+18,STAR,-0.000309939,2934,54626,499
1.24E+18,221.7576158,0.621696381,19.48781,18.34975,18.32759,18.39081,18.48263,752,301,5,522,3.30E+18,STAR,0.000779206,2934,54626,490
1.24E+18,221.7112089,0.468614707,18.61506,17.66902,17.3256,17.07911,16.96687,752,301,5,522,3.47E+17,GALAXY,0.055526,308,51662,487
1.24E+18,221.7667332,0.479062035,17.68773,16.15192,15.37372,14.9532,14.64231,752,301,5,522,4.53E+18,GALAXY,0.05580719,4022,55352,880
1.24E+18,221.768661,0.493656063,19.50523,18.08859,17.06812,16.59314,16.23049,752,301,5,522,3.47E+17,GALAXY,0.1714733,308,51662,481
1.24E+18,221.7743555,0.585563069,19.04896,17.62684,16.84383,16.4579,16.17873,752,301,5,522,3.47E+17,GALAXY,0.0957781,308,51662,485
1.24E+18,221.808461,0.4668914,16.8609,15.65459,15.84795,16.01778,16.09447,752,301,5,523,3.28E+18,STAR,-5.20E-05,2909,54653,466
1.24E+18,221.864273,0.60323062,17.58932,16.63618,16.34774,16.26472,16.23644,752,301,5,523,3.28E+18,STAR,0.000123053,2909,54653,454
1.24E+18,221.8677738,0.627794047,17.87543,16.84058,16.58549,16.52185,16.52229,752,301,5,523,3.28E+18,STAR,9.77E-06,2909,54653,460
1.24E+18,221.9023083,0.462168351,18.17631,16.95115,16.38739,16.1694,16.05073,752,301,5,523,3.28E+18,STAR,-4.83E-05,2909,54653,500
1.24E+18,221.9079467,0.496709993,17.44692,16.51682,16.24003,16.14652,16.11031,752,301,5,523,3.28E+18,STAR,-0.000273817,2909,54653,461
1.24E+18,221.8401355,0.611705926,19.47946,18.03308,17.39289,17.06784,16.83607,752,301,5,523,3.47E+17,GALAXY,0.07452711,308,51662,486
1.24E+18,221.9406163,0.474738647,18.78733,17.95024,17.64966,17.54325,17.51614,752,301,5,524,3.28E+18,STAR,-0.000482178,2909,54653,498
1.24E+18,221.9841904,0.446387396,17.50681,16.05808,15.52935,15.36461,15.28286,752,301,5,524,3.28E+18,STAR,-3.77E-05,2909,54653,488
1.24E+18,222.0073006,0.44112968,17.52509,16.50577,16.20803,16.10891,16.07813,752,301,5,524,3.28E+18,STAR,8.45E-05,2909,54653,485
1.24E+18,222.0195014,0.577652875,17.612,16.7678,16.44467,16.32392,16.29116,752,301,5,524,4.53E+18,STAR,-0.000594061,4022,55352,958
1.24E+18,222.0699747,0.632685808,19.55005,19.45104,19.55948,19.68855,19.8034,752,301,5,524,6.05E+17,GALAXY,0.5843571,537,52027,43
1.24E+18,222.0703954,0.578781767,19.56222,18.61031,18.35587,18.2285,18.22787,752,301,5,524,3.47E+17,STAR,-0.000334776,308,51662,506
1.24E+18,222.101398,0.566545636,16.38163,15.44816,15.16225,15.06545,15.05005,752,301,5,525,3.28E+18,STAR,0.000655746,2909,54653,482
1.24E+18,222.1474027,0.617188571,17.37095,16.27888,15.86988,15.7317,15.69633,752,301,5,525,3.28E+18,STAR,7.70E-05,2909,54653,457
1.24E+18,222.1748219,0.478226741,18.85767,17.78661,17.99048,18.16379,18.28648,752,301,5,525,3.30E+18,STAR,-0.000256686,2934,54626,516
1.24E+18,222.205534,0.491712354,17.41434,16.52501,16.20485,16.07789,16.02643,752,301,5,525,3.28E+18,STAR,0.001026436,2909,54653,508
1.24E+18,222.2093895,0.458158089,19.12092,18.22013,17.98256,17.89219,17.83752,752,301,5,525,3.30E+18,STAR,6.46E-05,2934,54626,508
1.24E+18,222.2268243,0.462859925,17.94159,16.6496,16.00563,15.64483,15.36471,752,301,5,525,3.48E+17,GALAXY,0.03443914,309,51994,346
1.24E+18,222.1655886,0.447783487,18.41705,17.3414,16.8993,16.6444,16.47451,752,301,5,525,3.47E+17,GALAXY,0.03457854,308,51662,508
1.24E+18,222.2592131,0.609162935,19.13914,18.14602,17.76331,17.61261,17.53908,752,301,5,526,3.28E+18,STAR,2.17E-06,2909,54653,539
1.24E+18,222.2676231,0.627672056,17.43897,16.26901,16.20808,16.25376,16.29207,752,301,5,526,3.28E+18,,-0.000858878,2909,54653,532
1.24E+18,222.2867267,0.439344856,18.96441,17.58614,17.0402,16.83655,16.74259,752,301,5,526,3.28E+18,STAR,0.000134893,2909,54653,507
1.24E+18,222.3385013,0.524255538,19.27851,17.59257,17.7325,24.35682,18.04501,752,301,5,526,3.47E+17,STAR,-3.39E-05,308,51662,552
1.24E+18,222.2496265,0.583698893,19.5731,18.34088,17.81578,17.58725,17.49151,752,301,5,526,3.30E+18,,0.000255109,2934,54626,511
1.24E+18,222.3909008,0.48756861,16.96505,15.7589,15.83425,15.92798,16.00828,752,301,5,527,3.28E+18,STAR,-6.58E-05,2909,54653,501
1.24E+18,222.3927505,0.605170014,19.05459,18.04969,17.6553,17.56808,17.48506,752,301,5,527,3.28E+18,STAR,-0.000132466,2909,54653,535
1.24E+18,222.4040716,0.562050518,17.88768,16.85683,16.72489,16.70373,16.71813,752,301,5,527,3.28E+18,STAR,0.000278954,2909,54653,504
1.24E+18,222.4418208,0.613423199,19.06321,17.69734,17.16108,16.98235,16.8865,752,301,5,527,3.28E+18,STAR,-2.63E-05,2909,54653,528
1.24E+18,222.4890999,0.558296016,16.9911,15.17415,14.37363,13.99589,13.71774,752,301,5,527,3.47E+17,GALAXY,0.03983419,308,51662,560
1.24E+18,222.4914543,0.548738021,18.99404,17.49792,16.92866,16.72374,16.63062,752,301,5,527,3.28E+18,STAR,-0.000171654,2909,54653,542
1.24E+18,222.5090329,0.578780567,17.78947,15.91691,15.07053,14.67859,14.36553,752,301,5,527,3.48E+17,GALAXY,0.04041696,309,51994,341
1.24E+18,222.4998689,0.540387339,19.5456,19.30174,19.28545,19.03486,18.92336,752,301,5,527,4.53E+18,QSO,1.708234,4019,55363,522
1.24E+18,222.5548702,0.593016181,18.95988,17.82082,17.37332,17.20241,17.13798,752,301,5,528,3.47E+17,STAR,-4.61E-05,308,51662,587
1.24E+18,222.6287311,0.610314038,18.43803,17.35825,17.17337,17.13696,17.16753,752,301,5,528,3.47E+17,STAR,8.74E-05,308,51662,582
1.24E+18,222.6526556,0.623412513,18.20361,18.04696,17.7736,17.79992,17.86788,752,301,5,528,4.52E+18,QSO,1.078722,4018,55622,166
1.24E+18,222.5356133,0.614590469,18.9386,17.40152,16.62746,16.27216,15.9696,752,301,5,528,3.47E+17,GALAXY,0.04044159,308,51662,590
1.24E+18,222.5495784,0.543575298,17.6157,16.21818,15.50727,15.09512,14.76708,752,301,5,528,3.47E+17,GALAXY,0.03950118,308,51662,583
1.24E+18,222.5581618,0.557515184,18.98946,17.83726,17.34649,17.12594,16.98877,752,301,5,528,3.48E+17,GALAXY,0.03979656,309,51994,348
1.24E+18,222.807498,0.447500575,18.76092,17.06253,16.26154,15.85517,15.54927,752,301,5,529,3.47E+17,GALAXY,0.0635696,308,51662,599
1.24E+18,222.8613088,0.491121435,19.11269,17.97062,17.43498,17.19457,17.0672,752,301,5,530,3.28E+18,STAR,0.00019872,2909,54653,584
1.24E+18,222.9301236,0.551959989,17.68786,16.79101,16.52302,16.42408,16.39017,752,301,5,530,3.28E+18,STAR,3.52E-05,2909,54653,590
1.24E+18,222.9339678,0.432157455,18.23652,17.03079,16.52341,16.28072,16.18811,752,301,5,530,3.28E+18,,0.000122931,2909,54653,587
1.24E+18,222.9554203,0.472939254,18.31584,17.36814,17.06714,16.91268,16.87696,752,301,5,530,3.28E+18,STAR,2.56E-05,2909,54653,583
1.24E+18,223.035008,0.494678056,18.35068,17.1323,16.69338,16.5298,16.45769,752,301,5,531,3.48E+17,STAR,0.000164416,309,51994,398
1.24E+18,245.7006332,-0.84430057,18.04187,16.38026,15.51751,15.04708,14.68362,745,301,1,581,4.10E+17,GALAXY,0.04593659,364,52000,286
1.24E+18,246.020743,-0.877447933,18.05132,16.94163,16.56012,16.27179,16.12879,745,301,1,583,4.10E+17,GALAXY,0.05315065,364,52000,255
1.24E+18,246.015172,-0.902868763,17.75489,16.31037,15.54011,15.10274,14.79766,745,301,1,583,4.10E+17,GALAXY,0.04652571,364,52000,259
1.24E+18,246.1524866,-0.919125262,19.14551,17.94895,17.85661,17.85323,17.88321,745,301,1,584,4.10E+17,STAR,-0.000221536,364,52000,203
1.24E+18,246.1603004,-0.896662044,18.03995,16.84321,16.26401,15.86949,15.62851,745,301,1,584,4.10E+17,GALAXY,0.04825275,364,52000,201
1.24E+18,246.273403,-0.935451398,19.22729,18.10856,17.62888,17.42704,17.30622,745,301,1,585,4.10E+17,STAR,-5.15E-05,364,52000,209
1.24E+18,247.1761035,-0.882946006,18.64252,17.46848,17.34717,17.33329,17.36111,745,301,1,591,4.10E+17,STAR,-9.56E-05,364,52000,54
1.24E+18,247.2544886,-0.854530838,18.25633,16.75476,16.15203,15.92617,15.82208,745,301,1,591,4.10E+17,,9.41E-06,364,52000,15
1.24E+18,249.6593149,-0.904867054,19.32972,19.59161,19.94725,20.23962,20.30066,745,301,1,607,3.92E+17,STAR,-0.000116555,348,51671,3
1.24E+18,249.5831957,-0.915852881,19.56442,18.31213,18.15499,18.12128,18.10196,745,301,1,607,3.92E+17,STAR,-0.000429915,348,51671,4
1.24E+18,249.692212,-0.891026543,19.57101,17.94255,16.91265,16.47159,16.0629,745,301,1,608,3.92E+17,GALAXY,0.08782733,348,51671,6
1.24E+18,183.7019288,-0.631993123,18.10185,16.71889,16.11128,15.8495,15.70898,745,301,2,167,3.72E+18,STAR,0.000592011,3306,54922,109
1.24E+18,184.0692739,-0.631512778,18.38508,17.15037,16.61963,16.38986,16.27164,745,301,2,169,3.72E+18,GALAXY,0.7351998,3306,54922,66
1.24E+18,238.9877701,-0.602334742,18.14292,17.74537,17.58131,17.57654,17.47079,745,301,2,536,3.86E+17,QSO,0.7628108,343,51692,187
1.24E+18,239.4079453,-0.509933342,17.80781,16.46973,16.38199,16.34636,16.35388,745,301,2,539,3.86E+17,STAR,-0.000582766,343,51692,147
1.24E+18,239.3827793,-0.467645078,18.92431,17.23879,16.34981,15.87913,15.53199,745,301,2,539,3.86E+17,GALAXY,0.08465462,343,51692,150
1.24E+18,239.54234,-0.522224201,19.2607,17.75067,17.52371,17.3766,17.15547,745,301,2,540,3.86E+17,QSO,2.832395,343,51692,145
1.24E+18,242.9819418,-0.485089759,18.10821,16.77918,16.21246,16.0048,15.90154,745,301,2,563,3.90E+17,STAR,-0.000417835,346,51693,303
1.24E+18,242.9548229,-0.446457437,18.90115,17.03906,16.03109,15.4815,15.06539,745,301,2,563,3.88E+17,GALAXY,0.08011556,345,51690,112
1.24E+18,243.0210074,-0.494569887,19.2421,18.07248,17.57599,17.21374,17.00031,745,301,2,563,3.90E+17,GALAXY,0.06661516,346,51693,314
1.24E+18,243.8843939,-0.458423132,17.01633,16.8166,16.47103,16.01772,15.98409,745,301,2,569,3.90E+17,QSO,0.1464716,346,51693,223
1.24E+18,244.1129567,-0.492485347,17.34144,17.66519,18.08743,18.37465,18.64286,745,301,2,570,3.90E+17,STAR,-5.11E-06,346,51693,195
1.24E+18,244.1388571,-0.484508165,19.17439,17.9477,17.45896,17.27624,17.12362,745,301,2,570,3.90E+17,,-1.16E-05,346,51693,193
1.24E+18,244.2849104,-0.455476627,18.63084,16.69326,15.67451,15.20557,14.82077,745,301,2,571,3.90E+17,GALAXY,0.09280799,346,51693,162
1.24E+18,244.491831,-0.470565564,18.43597,17.47617,17.10257,16.90971,16.82976,745,301,2,573,3.90E+17,GALAXY,0.01660742,346,51693,148
1.24E+18,244.4967906,-0.498397857,17.9878,16.51811,15.74451,15.30433,14.98556,745,301,2,573,3.90E+17,GALAXY,0.0504769,346,51693,146
1.24E+18,244.916397,-0.523075658,18.45084,17.39167,16.97855,16.82599,16.76456,745,301,2,576,3.90E+17,STAR,-0.00034075,346,51693,81
1.24E+18,244.9255821,-0.455836405,19.34707,17.76923,16.92714,16.48486,16.14608,745,301,2,576,3.90E+17,GALAXY,0.07900908,346,51693,106
1.24E+18,244.9355448,-0.479246996,18.53797,17.16947,16.5021,16.18933,15.95892,745,301,2,576,3.90E+17,GALAXY,0.05936759,346,51693,108
1.24E+18,245.1284933,-0.499415435,19.18215,18.79711,18.8115,18.61492,18.51464,745,301,2,577,4.10E+17,QSO,0.5382954,364,52000,307
1.24E+18,245.3673526,-0.457073809,18.12316,16.31978,15.37991,14.91012,14.5367,745,301,2,579,4.10E+17,GALAXY,0.05909181,364,52000,302
1.24E+18,245.3766944,-0.457007952,19.46922,17.96987,17.31625,16.92729,16.71774,745,301,2,579,3.90E+17,GALAXY,0.06916405,346,51693,67
1.24E+18,245.9784794,-0.483455495,19.38072,17.38953,16.26663,15.75659,15.36963,745,301,2,583,4.10E+17,,0.09362785,364,52000,221
1.24E+18,246.0343781,-0.473284059,19.51987,17.56103,16.443,15.95302,15.57304,745,301,2,583,4.10E+17,GALAXY,0.1424379,364,52000,190
1.24E+18,246.268157,-0.426989896,19.46025,18.28482,17.78494,17.50377,17.31497,745,301,2,585,4.10E+17,GALAXY,0.04653732,364,52000,161
1.24E+18,246.6956258,-0.510110724,18.0106,16.81185,16.32209,16.03653,15.92627,745,301,2,588,4.10E+17,GALAXY,0.044495,364,52000,146
1.24E+18,246.7820809,-0.492431557,17.60994,15.90911,15.0209,14.54955,14.19971,745,301,2,588,4.10E+17,GALAXY,0.04619161,364,52000,107
1.24E+18,247.0211391,-0.448676629,19.23512,19.08207,18.78046,18.81124,18.99055,745,301,2,590,4.10E+17,QSO,1.149604,364,52000,74
1.24E+18,248.2690158,-0.488919926,19.27635,17.99304,17.47953,17.29088,18.2856,745,301,2,598,3.92E+17,STAR,-7.32E-05,348,51671,236
1.24E+18,248.8945205,-0.452329487,18.73576,16.83826,15.94847,15.53803,15.15638,745,301,2,602,3.92E+17,GALAXY,0.07018682,348,51671,163
1.24E+18,249.4965512,-0.498468272,18.99369,17.31122,16.48666,16.05332,15.74858,745,301,2,606,3.92E+17,GALAXY,0.05894065,348,51671,106
1.24E+18,189.429821,-0.131042119,17.83883,16.62422,16.84056,17.03584,17.15817,745,301,3,205,3.26E+18,STAR,0.000648475,2895,54567,116
1.24E+18,189.4485445,-0.052745243,18.97562,17.84829,17.49412,17.374,17.35097,745,301,3,205,3.28E+17,STAR,0.000257387,291,51928,310
1.24E+18,189.453801,-0.097312842,17.66081,16.62739,16.28842,16.17215,16.14751,745,301,3,205,3.26E+18,STAR,5.91E-07,2895,54567,117
1.24E+18,189.4687466,-0.035999748,17.28231,16.209,15.7648,15.51375,15.47968,745,301,3,205,3.26E+18,STAR,0.000579113,2895,54567,119
1.24E+18,189.5222492,-0.027031353,16.32175,14.72385,13.8848,13.46923,13.15061,745,301,3,205,3.27E+17,GALAXY,0.01251297,290,51941,516
1.24E+18,189.4971499,-0.110585473,19.25978,18.10524,17.4296,17.08964,16.85153,745,301,3,205,3.28E+17,GALAXY,0.1383053,291,51928,318
1.24E+18,225.5292533,-0.029787764,19.21136,18.738,18.76889,18.96195,19.18182,745,301,3,446,4.52E+18,STAR,-0.000197667,4016,55632,396
1.24E+18,225.4943556,-0.114316909,19.43974,18.09289,17.40579,17.0081,16.82082,745,301,3,446,3.49E+17,GALAXY,0.04019753,310,51990,224
1.24E+18,145.2885765,0.34651158,19.22352,18.00232,17.37943,17.0111,16.76524,756,301,4,197,3.00E+17,GALAXY,0.06460119,266,51630,359
1.24E+18,145.2928209,0.376326323,19.31302,18.13527,17.67289,17.49996,17.44187,756,301,4,197,3.00E+17,STAR,0.000213372,266,51630,346
1.24E+18,145.5938073,0.278308382,19.1079,18.92201,18.59314,18.47573,18.40461,756,301,4,199,3.00E+17,QSO,1.4047,266,51630,396
1.24E+18,145.6372746,0.373311363,19.20753,17.87736,17.30583,17.08623,16.96132,756,301,4,199,3.00E+17,STAR,-3.48E-05,266,51630,390
